SKU,Item Name,SCM Unit,Transit Unit,Legacy Conversion,Derived Conversion,Pattern,Conversion Source,Evidence,Status
100101,Black Coockie Crumb @5 Kg,KG,KG,5.0,5.0,SCM_LARGE_UNIT_TO_TRANSIT_BASE_UNIT_CANDIDATE,DETECTOR,"NAME_DERIVED_CANDIDATE,LEGACY_CONVERSION_CANDIDATE",PENDING
100102,Bubuk Oreo (bureo) @10x1kg,KG,KG,10.0,10.0,SCM_LARGE_UNIT_TO_TRANSIT_BASE_UNIT_CANDIDATE,DETECTOR,"NAME_DERIVED_CANDIDATE,PACKAGE_STRUCTURE_UNCLEAR,LEGACY_CONVERSION_CANDIDATE",PENDING
100202,Chefmate Coklat Dark @4X5 Kg,KG,KG,20.0,20.0,SCM_LARGE_UNIT_TO_TRANSIT_BASE_UNIT_CANDIDATE,DETECTOR,"NAME_DERIVED_CANDIDATE,PACKAGE_STRUCTURE_UNCLEAR,LEGACY_CONVERSION_CANDIDATE",PENDING
100203,Chefmate Glaze Coklat 2X5Kg,KG,KG,10.0,10.0,SCM_LARGE_UNIT_TO_TRANSIT_BASE_UNIT_CANDIDATE,DETECTOR,LEGACY_CONVERSION_CANDIDATE,PENDING
100204,Chefmate Glaze Greentea 2X5Kg,KG,KG,10.0,10.0,SCM_LARGE_UNIT_TO_TRANSIT_BASE_UNIT_CANDIDATE,DETECTOR,LEGACY_CONVERSION_CANDIDATE,PENDING
100205,Chefmate Greentea @ 12X1 Kg,KG,KG,12.0,12.0,SCM_LARGE_UNIT_TO_TRANSIT_BASE_UNIT_CANDIDATE,DETECTOR,"NAME_DERIVED_CANDIDATE,PACKAGE_STRUCTURE_UNCLEAR,LEGACY_CONVERSION_CANDIDATE",PENDING
100206,Chefmate Signature  @ 12X1 Kg,KG,KG,12.0,12.0,SCM_LARGE_UNIT_TO_TRANSIT_BASE_UNIT_CANDIDATE,DETECTOR,"NAME_DERIVED_CANDIDATE,PACKAGE_STRUCTURE_UNCLEAR,LEGACY_CONVERSION_CANDIDATE",PENDING
100207,Chefmate White @ 12X1 Kg,KG,KG,12.0,12.0,SCM_LARGE_UNIT_TO_TRANSIT_BASE_UNIT_CANDIDATE,DETECTOR,"NAME_DERIVED_CANDIDATE,PACKAGE_STRUCTURE_UNCLEAR,LEGACY_CONVERSION_CANDIDATE",PENDING
100208,Chefmate Stick Dark @8X1Kg,KG,KG,8.0,8.0,SCM_LARGE_UNIT_TO_TRANSIT_BASE_UNIT_CANDIDATE,DETECTOR,"NAME_DERIVED_CANDIDATE,PACKAGE_STRUCTURE_UNCLEAR,LEGACY_CONVERSION_CANDIDATE",PENDING
100214,Chefmate White Compound 1Kg Pattisier,KG,KG,12.0,12.0,SCM_LARGE_UNIT_TO_TRANSIT_BASE_UNIT_CANDIDATE,DETECTOR,LEGACY_CONVERSION_CANDIDATE,PENDING
100216,Chefmate Block 500 Gr X 24 Yuzu Lemon,KG,KG,12.0,12.0,SCM_LARGE_UNIT_TO_TRANSIT_BASE_UNIT_CANDIDATE,DETECTOR,LEGACY_CONVERSION_CANDIDATE,PENDING
100217,BLOCK CHEFMATE PATISSIER 1000GR@12,KG,KG,12.0,12.0,SCM_LARGE_UNIT_TO_TRANSIT_BASE_UNIT_CANDIDATE,DETECTOR,LEGACY_CONVERSION_CANDIDATE,PENDING
100218,BLOCK CHEFMATE DECOR 1000GR@12,KG,KG,12.0,12.0,SCM_LARGE_UNIT_TO_TRANSIT_BASE_UNIT_CANDIDATE,DETECTOR,LEGACY_CONVERSION_CANDIDATE,PENDING
100302,Collata Choco Chips,KG,KG,5.0,5.0,SCM_LARGE_UNIT_TO_TRANSIT_BASE_UNIT_CANDIDATE,DETECTOR,LEGACY_CONVERSION_CANDIDATE,PENDING
100303,COLLATA CHOCO STICK 8X1.2KG,KG,KG,9.6,9.6,SCM_LARGE_UNIT_TO_TRANSIT_BASE_UNIT_CANDIDATE,DETECTOR,LEGACY_CONVERSION_CANDIDATE,PENDING
100304,Meises Hagel @1X12.5 Kg,KG,KG,12.5,12.5,SCM_LARGE_UNIT_TO_TRANSIT_BASE_UNIT_CANDIDATE,DETECTOR,"NAME_DERIVED_CANDIDATE,PACKAGE_STRUCTURE_UNCLEAR,LEGACY_CONVERSION_CANDIDATE,MOVEMENT_RECONCILIATION_REVIEW",PENDING
100306,Meises Holland Merah 12.5 Kg,KG,KG,12.5,12.5,SCM_LARGE_UNIT_TO_TRANSIT_BASE_UNIT_CANDIDATE,DETECTOR,LEGACY_CONVERSION_CANDIDATE,PENDING
100307,Chefamate Cocoa Powder Zak 10Kg,KG,KG,10.0,10.0,SCM_LARGE_UNIT_TO_TRANSIT_BASE_UNIT_CANDIDATE,DETECTOR,LEGACY_CONVERSION_CANDIDATE,PENDING
100308,TULIP BORDEUX 2x2.5Kg,KG,KG,5.0,5.0,SCM_LARGE_UNIT_TO_TRANSIT_BASE_UNIT_CANDIDATE,DETECTOR,LEGACY_CONVERSION_CANDIDATE,PENDING
100309,MEISES PLAZA BIRU @12.5kg,KG,KG,12500.0,12500.0,SCM_LARGE_UNIT_TO_TRANSIT_BASE_UNIT_CANDIDATE,DETECTOR,"NAME_DERIVED_CANDIDATE,LEGACY_CONVERSION_CANDIDATE,CONVERSION_CONFLICT",PENDING
100310,Coklat bubuk bensdrop 8kg@3pcs,KG,KG,24.0,24.0,SCM_LARGE_UNIT_TO_TRANSIT_BASE_UNIT_CANDIDATE,DETECTOR,"NAME_DERIVED_CANDIDATE,LEGACY_CONVERSION_CANDIDATE,CONVERSION_CONFLICT",PENDING
100311,PREMIX COKLAT BUBUK,KG,KG,1.0,1.0,NO_PACKAGING_LAYER,DETECTOR,LEGACY_CONVERSION_CANDIDATE,PENDING
100312,COKLAT BUBUK DIAMOND @5 KG,KG,KG,5.0,5.0,SCM_LARGE_UNIT_TO_TRANSIT_BASE_UNIT_CANDIDATE,DETECTOR,"NAME_DERIVED_CANDIDATE,LEGACY_CONVERSION_CANDIDATE",PENDING
100401,Mercolade Blue Barleymint @12X1Kg,KG,KG,12.0,12.0,SCM_LARGE_UNIT_TO_TRANSIT_BASE_UNIT_CANDIDATE,DETECTOR,"NAME_DERIVED_CANDIDATE,PACKAGE_STRUCTURE_UNCLEAR,LEGACY_CONVERSION_CANDIDATE",PENDING
100403,Mercolade Dark Premium @4X5Kg,KG,KG,20.0,20.0,SCM_LARGE_UNIT_TO_TRANSIT_BASE_UNIT_CANDIDATE,DETECTOR,"NAME_DERIVED_CANDIDATE,PACKAGE_STRUCTURE_UNCLEAR,LEGACY_CONVERSION_CANDIDATE",PENDING
100404,Mercolade Leaf Green Melon @12X1Kg,KG,KG,12.0,12.0,SCM_LARGE_UNIT_TO_TRANSIT_BASE_UNIT_CANDIDATE,DETECTOR,"NAME_DERIVED_CANDIDATE,PACKAGE_STRUCTURE_UNCLEAR,LEGACY_CONVERSION_CANDIDATE",PENDING
100405,Mercolade Lemon Fresh @12X1Kg,KG,KG,12.0,12.0,SCM_LARGE_UNIT_TO_TRANSIT_BASE_UNIT_CANDIDATE,DETECTOR,"NAME_DERIVED_CANDIDATE,PACKAGE_STRUCTURE_UNCLEAR,LEGACY_CONVERSION_CANDIDATE",PENDING
100406,Mercolade Orange Sunkist @12X1Kg,KG,KG,12.0,12.0,SCM_LARGE_UNIT_TO_TRANSIT_BASE_UNIT_CANDIDATE,DETECTOR,"NAME_DERIVED_CANDIDATE,PACKAGE_STRUCTURE_UNCLEAR,LEGACY_CONVERSION_CANDIDATE",PENDING
100407,Mercolade Pink Strawberry @12X1Kg,KG,KG,12.0,12.0,SCM_LARGE_UNIT_TO_TRANSIT_BASE_UNIT_CANDIDATE,DETECTOR,"NAME_DERIVED_CANDIDATE,PACKAGE_STRUCTURE_UNCLEAR,LEGACY_CONVERSION_CANDIDATE",PENDING
100408,Mercolade Red Strawberry @12X1Kg,KG,KG,12.0,12.0,SCM_LARGE_UNIT_TO_TRANSIT_BASE_UNIT_CANDIDATE,DETECTOR,"NAME_DERIVED_CANDIDATE,PACKAGE_STRUCTURE_UNCLEAR,LEGACY_CONVERSION_CANDIDATE",PENDING
100409,Mercolade Tiramisu @12X1Kg,KG,KG,12.0,12.0,SCM_LARGE_UNIT_TO_TRANSIT_BASE_UNIT_CANDIDATE,DETECTOR,"NAME_DERIVED_CANDIDATE,PACKAGE_STRUCTURE_UNCLEAR,LEGACY_CONVERSION_CANDIDATE",PENDING
100410,Mercolade Violet Blueberry @12X1Kg,KG,KG,12.0,12.0,SCM_LARGE_UNIT_TO_TRANSIT_BASE_UNIT_CANDIDATE,DETECTOR,"NAME_DERIVED_CANDIDATE,PACKAGE_STRUCTURE_UNCLEAR,LEGACY_CONVERSION_CANDIDATE",PENDING
100411,Mercolade White @4X5Kg,KG,KG,20.0,20.0,SCM_LARGE_UNIT_TO_TRANSIT_BASE_UNIT_CANDIDATE,DETECTOR,"NAME_DERIVED_CANDIDATE,PACKAGE_STRUCTURE_UNCLEAR,LEGACY_CONVERSION_CANDIDATE",PENDING
100412,Chefmate Carnival 500Gr Greentea,KG,KG,12.0,12.0,SCM_LARGE_UNIT_TO_TRANSIT_BASE_UNIT_CANDIDATE,DETECTOR,LEGACY_CONVERSION_CANDIDATE,PENDING
100413,Chefmate Carnival 500Gr Strawberry,KG,KG,12.0,12.0,SCM_LARGE_UNIT_TO_TRANSIT_BASE_UNIT_CANDIDATE,DETECTOR,LEGACY_CONVERSION_CANDIDATE,PENDING
100414,Chefmate Carnival 500Gr Blue Barleymint,KG,KG,12.0,12.0,SCM_LARGE_UNIT_TO_TRANSIT_BASE_UNIT_CANDIDATE,DETECTOR,LEGACY_CONVERSION_CANDIDATE,PENDING
100415,Chefmate Carnival 500Gr Leaf Green Melon,KG,KG,12.0,12.0,SCM_LARGE_UNIT_TO_TRANSIT_BASE_UNIT_CANDIDATE,DETECTOR,LEGACY_CONVERSION_CANDIDATE,PENDING
100416,Chefmate Carnival 500Gr Lemon Fresh,KG,KG,12.0,12.0,SCM_LARGE_UNIT_TO_TRANSIT_BASE_UNIT_CANDIDATE,DETECTOR,LEGACY_CONVERSION_CANDIDATE,PENDING
100417,Chefmate Carnival 500Gr Orange Sunkist,KG,KG,12.0,12.0,SCM_LARGE_UNIT_TO_TRANSIT_BASE_UNIT_CANDIDATE,DETECTOR,LEGACY_CONVERSION_CANDIDATE,PENDING
100418,Chefmate Carnival 500Gr Red Strawberry,KG,KG,12.0,12.0,SCM_LARGE_UNIT_TO_TRANSIT_BASE_UNIT_CANDIDATE,DETECTOR,LEGACY_CONVERSION_CANDIDATE,PENDING
100419,Chefmate Carnival 500Gr Tiramisu,KG,KG,12.0,12.0,SCM_LARGE_UNIT_TO_TRANSIT_BASE_UNIT_CANDIDATE,DETECTOR,LEGACY_CONVERSION_CANDIDATE,PENDING
100420,Chefmate Carnival 500Gr Violet Blueberry,KG,KG,12.0,12.0,SCM_LARGE_UNIT_TO_TRANSIT_BASE_UNIT_CANDIDATE,DETECTOR,LEGACY_CONVERSION_CANDIDATE,PENDING
100421,Mercolade filling pasta @20kg,KG,KG,20.0,20.0,SCM_LARGE_UNIT_TO_TRANSIT_BASE_UNIT_CANDIDATE,DETECTOR,"NAME_DERIVED_CANDIDATE,LEGACY_CONVERSION_CANDIDATE",PENDING
100422,plaza go choco crunchy 1kg,PAIL,PAIL,1.0,1.0,NO_PACKAGING_LAYER,DETECTOR,LEGACY_CONVERSION_CANDIDATE,PENDING
100423,Mercolade greentea 12kg,KG,KG,12.0,12.0,SCM_LARGE_UNIT_TO_TRANSIT_BASE_UNIT_CANDIDATE,DETECTOR,LEGACY_CONVERSION_CANDIDATE,PENDING
100424,MERCOLADE BISCOA SPREAD@5KG,KG,KG,5.0,5.0,SCM_LARGE_UNIT_TO_TRANSIT_BASE_UNIT_CANDIDATE,DETECTOR,"NAME_DERIVED_CANDIDATE,LEGACY_CONVERSION_CANDIDATE",PENDING
100425,NUCOMAL SILVERQUEEN @5KG,KG,KG,5.0,5.0,SCM_LARGE_UNIT_TO_TRANSIT_BASE_UNIT_CANDIDATE,DETECTOR,"NAME_DERIVED_CANDIDATE,LEGACY_CONVERSION_CANDIDATE",PENDING
100426,NUCOMAL TINE CRUNCHY @5KG,KG,KG,5.0,5.0,SCM_LARGE_UNIT_TO_TRANSIT_BASE_UNIT_CANDIDATE,DETECTOR,"NAME_DERIVED_CANDIDATE,LEGACY_CONVERSION_CANDIDATE",PENDING
100427,MEISES WINTER @ 12.5 KG,KG,KG,12.5,12.5,SCM_LARGE_UNIT_TO_TRANSIT_BASE_UNIT_CANDIDATE,DETECTOR,"NAME_DERIVED_CANDIDATE,LEGACY_CONVERSION_CANDIDATE",PENDING
100428,PLAZA CHOCO CHIP,KG,KG,5.0,5.0,SCM_LARGE_UNIT_TO_TRANSIT_BASE_UNIT_CANDIDATE,DETECTOR,LEGACY_CONVERSION_CANDIDATE,PENDING
100429,PLAZA FIESTA VIOLET,KG,KG,12.0,12.0,SCM_LARGE_UNIT_TO_TRANSIT_BASE_UNIT_CANDIDATE,DETECTOR,LEGACY_CONVERSION_CANDIDATE,PENDING
100503,Mix K600 @100Pcs,PACK,PACK,1.0,1.0,NO_PACKAGING_LAYER,DETECTOR,"NAME_DERIVED_CANDIDATE,LEGACY_CONVERSION_CANDIDATE,CONVERSION_CONFLICT",PENDING
100504,Mix Mc 810,PACK,PACK,1.0,1.0,NO_PACKAGING_LAYER,DETECTOR,LEGACY_CONVERSION_CANDIDATE,PENDING
100505,Mix Mc 816,PACK,PACK,1.0,1.0,NO_PACKAGING_LAYER,DETECTOR,LEGACY_CONVERSION_CANDIDATE,PENDING
100506,Mix Mc 822,PACK,PACK,1.0,1.0,NO_PACKAGING_LAYER,DETECTOR,LEGACY_CONVERSION_CANDIDATE,PENDING
100507,Mix Mc 825,PACK,PACK,1.0,1.0,NO_PACKAGING_LAYER,DETECTOR,LEGACY_CONVERSION_CANDIDATE,PENDING
100508,Mix Mc 801,PACK,PACK,1.0,1.0,NO_PACKAGING_LAYER,DETECTOR,LEGACY_CONVERSION_CANDIDATE,PENDING
100509,Mix Mc 802,PACK,PACK,1.0,1.0,NO_PACKAGING_LAYER,DETECTOR,LEGACY_CONVERSION_CANDIDATE,PENDING
100510,Mix Mc 804,PACK,PACK,1.0,1.0,NO_PACKAGING_LAYER,DETECTOR,LEGACY_CONVERSION_CANDIDATE,PENDING
100511,Mix Mc 805,PACK,PACK,1.0,1.0,NO_PACKAGING_LAYER,DETECTOR,LEGACY_CONVERSION_CANDIDATE,PENDING
100512,Mix Mc 806,PACK,PACK,1.0,1.0,NO_PACKAGING_LAYER,DETECTOR,LEGACY_CONVERSION_CANDIDATE,PENDING
100513,Mix Mc 809,PACK,PACK,1.0,1.0,NO_PACKAGING_LAYER,DETECTOR,LEGACY_CONVERSION_CANDIDATE,PENDING
100514,Mix Mc 811,PACK,PACK,1.0,1.0,NO_PACKAGING_LAYER,DETECTOR,LEGACY_CONVERSION_CANDIDATE,PENDING
100515,Mix Mc 813,PACK,PACK,1.0,1.0,NO_PACKAGING_LAYER,DETECTOR,LEGACY_CONVERSION_CANDIDATE,PENDING
100516,Mix Mc 814,PACK,PACK,1.0,1.0,NO_PACKAGING_LAYER,DETECTOR,LEGACY_CONVERSION_CANDIDATE,PENDING
100517,Mix Mc 817,PACK,PACK,1.0,1.0,NO_PACKAGING_LAYER,DETECTOR,LEGACY_CONVERSION_CANDIDATE,PENDING
100518,Mix Mc 821,PACK,PACK,1.0,1.0,NO_PACKAGING_LAYER,DETECTOR,LEGACY_CONVERSION_CANDIDATE,PENDING
100519,Mix Mc 823,PACK,PACK,1.0,1.0,NO_PACKAGING_LAYER,DETECTOR,LEGACY_CONVERSION_CANDIDATE,PENDING
100520,Mix Mc 824,PACK,PACK,1.0,1.0,NO_PACKAGING_LAYER,DETECTOR,LEGACY_CONVERSION_CANDIDATE,PENDING
100521,Mix Mc 831,PACK,PACK,1.0,1.0,NO_PACKAGING_LAYER,DETECTOR,LEGACY_CONVERSION_CANDIDATE,PENDING
100522,Mix Mc 832,PACK,PACK,1.0,1.0,NO_PACKAGING_LAYER,DETECTOR,LEGACY_CONVERSION_CANDIDATE,PENDING
100523,Transfer Image,SHEET,SHEET,25.0,25.0,SCM_LARGE_UNIT_TO_TRANSIT_BASE_UNIT_CANDIDATE,DETECTOR,LEGACY_CONVERSION_CANDIDATE,PENDING
110201,Delmonte Saus Sambal 5.5 Kg,KG,KG,5.5,5.5,SCM_LARGE_UNIT_TO_TRANSIT_BASE_UNIT_CANDIDATE,DETECTOR,LEGACY_CONVERSION_CANDIDATE,PENDING
110202,Delmonte Saus Tomat 5.7 Kg,KG,KG,5.7,5.7,SCM_LARGE_UNIT_TO_TRANSIT_BASE_UNIT_CANDIDATE,DETECTOR,LEGACY_CONVERSION_CANDIDATE,PENDING
110203,MC LEWIS CHILI A004 5.5KG,KG,KG,1.0,1.0,NO_PACKAGING_LAYER,DETECTOR,LEGACY_CONVERSION_CANDIDATE,PENDING
110204,MC LEWIS TOMATO A004 5.7KG,KG,KG,1.0,1.0,NO_PACKAGING_LAYER,DETECTOR,LEGACY_CONVERSION_CANDIDATE,PENDING
110205,MC LEWIS MAYO LPPouch 1KG,KG,KG,1.0,1.0,NO_PACKAGING_LAYER,DETECTOR,LEGACY_CONVERSION_CANDIDATE,PENDING
110300,Garam,PCS,PCS,20.0,20.0,SCM_LARGE_UNIT_TO_TRANSIT_BASE_UNIT_CANDIDATE,DETECTOR,LEGACY_CONVERSION_CANDIDATE,PENDING
110401,Greentea Macca Powder @1X500Gram,GR,GR,500.0,500.0,SCM_LARGE_UNIT_TO_TRANSIT_BASE_UNIT_CANDIDATE,DETECTOR,"NAME_DERIVED_CANDIDATE,PACKAGE_STRUCTURE_UNCLEAR,LEGACY_CONVERSION_CANDIDATE",PENDING
110402,Italian Choco Powder @1X500Gram,GR,GR,500.0,500.0,SCM_LARGE_UNIT_TO_TRANSIT_BASE_UNIT_CANDIDATE,DETECTOR,"NAME_DERIVED_CANDIDATE,PACKAGE_STRUCTURE_UNCLEAR,LEGACY_CONVERSION_CANDIDATE",PENDING
110403,Lemontea Powder @1X500Gram,KG,KG,500.0,500.0,SCM_LARGE_UNIT_TO_TRANSIT_BASE_UNIT_CANDIDATE,DETECTOR,"NAME_DERIVED_CANDIDATE,PACKAGE_STRUCTURE_UNCLEAR,LEGACY_CONVERSION_CANDIDATE",PENDING
110404,Maestro Std Porch @10X1Kg,KG,KG,10.0,10.0,SCM_LARGE_UNIT_TO_TRANSIT_BASE_UNIT_CANDIDATE,DETECTOR,"NAME_DERIVED_CANDIDATE,PACKAGE_STRUCTURE_UNCLEAR,LEGACY_CONVERSION_CANDIDATE",PENDING
110405,Redvelvet Powder @1X500Gram,GR,GR,500.0,500.0,SCM_LARGE_UNIT_TO_TRANSIT_BASE_UNIT_CANDIDATE,DETECTOR,"NAME_DERIVED_CANDIDATE,PACKAGE_STRUCTURE_UNCLEAR,LEGACY_CONVERSION_CANDIDATE",PENDING
110407,Taro Powder @1X500Gram,GR,GR,500.0,500.0,SCM_LARGE_UNIT_TO_TRANSIT_BASE_UNIT_CANDIDATE,DETECTOR,"NAME_DERIVED_CANDIDATE,PACKAGE_STRUCTURE_UNCLEAR,LEGACY_CONVERSION_CANDIDATE",PENDING
110408,Chefmate Drink Caramel Machiato @20x500gr,PACK,PACK,10.0,10.0,SCM_LARGE_UNIT_TO_TRANSIT_BASE_UNIT_CANDIDATE,DETECTOR,"NAME_DERIVED_CANDIDATE,PACKAGE_STRUCTURE_UNCLEAR,LEGACY_CONVERSION_CANDIDATE",PENDING
110409,Chefmate Drink Thaitea @20x500gr,PACK,PACK,10.0,10.0,SCM_LARGE_UNIT_TO_TRANSIT_BASE_UNIT_CANDIDATE,DETECTOR,"NAME_DERIVED_CANDIDATE,PACKAGE_STRUCTURE_UNCLEAR,LEGACY_CONVERSION_CANDIDATE",PENDING
110410,Chefmate Drink Matcha Latte @20x500gr,PACK,PACK,10.0,10.0,SCM_LARGE_UNIT_TO_TRANSIT_BASE_UNIT_CANDIDATE,DETECTOR,"NAME_DERIVED_CANDIDATE,PACKAGE_STRUCTURE_UNCLEAR,LEGACY_CONVERSION_CANDIDATE",PENDING
110411,Barbeque,KG,KG,1.0,1.0,NO_PACKAGING_LAYER,DETECTOR,LEGACY_CONVERSION_CANDIDATE,PENDING
110412,Bolognaise,PCS,PCS,315.0,315.0,SCM_LARGE_UNIT_TO_TRANSIT_BASE_UNIT_CANDIDATE,DETECTOR,LEGACY_CONVERSION_CANDIDATE,PENDING
110413,GREENTEA POWDER,GR,GR,1000.0,1000.0,SCM_LARGE_UNIT_TO_TRANSIT_BASE_UNIT_CANDIDATE,DETECTOR,LEGACY_CONVERSION_CANDIDATE,PENDING
110414,MASAKO RASA AYAM @1KG,GR,GR,1000.0,1000.0,SCM_LARGE_UNIT_TO_TRANSIT_BASE_UNIT_CANDIDATE,DETECTOR,"NAME_DERIVED_CANDIDATE,LEGACY_CONVERSION_CANDIDATE,CONVERSION_CONFLICT",PENDING
110415,CHICKEN SEASONING POWDER KNORR @ 1 KG,GR,GR,1000.0,1000.0,SCM_LARGE_UNIT_TO_TRANSIT_BASE_UNIT_CANDIDATE,DETECTOR,"NAME_DERIVED_CANDIDATE,LEGACY_CONVERSION_CANDIDATE,CONVERSION_CONFLICT",PENDING
110416,SAUS TIRAM @ 1 LITER,LTR,LTR,1000.0,1000.0,SCM_LARGE_UNIT_TO_TRANSIT_BASE_UNIT_CANDIDATE,DETECTOR,"NAME_DERIVED_CANDIDATE,LEGACY_CONVERSION_CANDIDATE,CONVERSION_CONFLICT",PENDING
110417,KECAP MANIS @ 700GR,GR,GR,700.0,700.0,SCM_LARGE_UNIT_TO_TRANSIT_BASE_UNIT_CANDIDATE,DETECTOR,"NAME_DERIVED_CANDIDATE,LEGACY_CONVERSION_CANDIDATE",PENDING
110418,DELMONTE SAUS SPAGETI @250 GR,GR,GR,250.0,250.0,SCM_LARGE_UNIT_TO_TRANSIT_BASE_UNIT_CANDIDATE,DETECTOR,"NAME_DERIVED_CANDIDATE,LEGACY_CONVERSION_CANDIDATE",PENDING
110419,MAYONAISE GOURMET,KG,KG,12.0,12.0,SCM_LARGE_UNIT_TO_TRANSIT_BASE_UNIT_CANDIDATE,DETECTOR,LEGACY_CONVERSION_CANDIDATE,PENDING
110420,PENYEDAP RASA SASA,GR,GR,1.0,1.0,NO_PACKAGING_LAYER,DETECTOR,LEGACY_CONVERSION_CANDIDATE,PENDING
111101,Alang-Alang,PCS,PCS,1.0,1.0,NO_PACKAGING_LAYER,DETECTOR,LEGACY_CONVERSION_CANDIDATE,PENDING
111102,Alas Segitiga Emas Kecil,PCS,PCS,100.0,100.0,SCM_LARGE_UNIT_TO_TRANSIT_BASE_UNIT_CANDIDATE,DETECTOR,LEGACY_CONVERSION_CANDIDATE,PENDING
111201,Background Ben 10,PCS,PCS,1.0,1.0,NO_PACKAGING_LAYER,DETECTOR,LEGACY_CONVERSION_CANDIDATE,PENDING
111202,Background Shofia,PCS,PCS,1.0,1.0,NO_PACKAGING_LAYER,DETECTOR,LEGACY_CONVERSION_CANDIDATE,PENDING
111203,Backround Angry Bird,PCS,PCS,1.0,1.0,NO_PACKAGING_LAYER,DETECTOR,LEGACY_CONVERSION_CANDIDATE,PENDING
111204,Backround Boboboi Kecil,PCS,PCS,1.0,1.0,NO_PACKAGING_LAYER,DETECTOR,LEGACY_CONVERSION_CANDIDATE,PENDING
111205,Backround Cars,PCS,PCS,1.0,1.0,NO_PACKAGING_LAYER,DETECTOR,LEGACY_CONVERSION_CANDIDATE,PENDING
111206,Backround Doraemon,PCS,PCS,1.0,1.0,NO_PACKAGING_LAYER,DETECTOR,LEGACY_CONVERSION_CANDIDATE,PENDING
111207,Backround Frozen,PCS,PCS,1.0,1.0,NO_PACKAGING_LAYER,DETECTOR,LEGACY_CONVERSION_CANDIDATE,PENDING
111208,Backround Hello Kitty,PCS,PCS,1.0,1.0,NO_PACKAGING_LAYER,DETECTOR,LEGACY_CONVERSION_CANDIDATE,PENDING
111209,Backround Kecil Cars,PCS,PCS,1.0,1.0,NO_PACKAGING_LAYER,DETECTOR,LEGACY_CONVERSION_CANDIDATE,PENDING
111210,Backround Kecil Frozen,PCS,PCS,1.0,1.0,NO_PACKAGING_LAYER,DETECTOR,LEGACY_CONVERSION_CANDIDATE,PENDING
111211,Backround Kecil Hello Kitty,PCS,PCS,1.0,1.0,NO_PACKAGING_LAYER,DETECTOR,LEGACY_CONVERSION_CANDIDATE,PENDING
111212,Backround Kecil Princess,PCS,PCS,1.0,1.0,NO_PACKAGING_LAYER,DETECTOR,LEGACY_CONVERSION_CANDIDATE,PENDING
111213,Backround Kecil Spiderman,PCS,PCS,1.0,1.0,NO_PACKAGING_LAYER,DETECTOR,LEGACY_CONVERSION_CANDIDATE,PENDING
111215,Backround Kecil Marsha,PCS,PCS,1.0,1.0,NO_PACKAGING_LAYER,DETECTOR,LEGACY_CONVERSION_CANDIDATE,PENDING
111216,BACKROUND KUDA PONI,PCS,PCS,1.0,1.0,NO_PACKAGING_LAYER,DETECTOR,LEGACY_CONVERSION_CANDIDATE,PENDING
111218,BACKROUND MINION,PCS,PCS,1.0,1.0,NO_PACKAGING_LAYER,DETECTOR,LEGACY_CONVERSION_CANDIDATE,PENDING
111221,BACKROUND SHORTCAKE,PCS,PCS,1.0,1.0,NO_PACKAGING_LAYER,DETECTOR,LEGACY_CONVERSION_CANDIDATE,PENDING
111223,Backround Spiderman,PCS,PCS,1.0,1.0,NO_PACKAGING_LAYER,DETECTOR,LEGACY_CONVERSION_CANDIDATE,PENDING
111224,Backround Spongebob,PCS,PCS,1.0,1.0,NO_PACKAGING_LAYER,DETECTOR,LEGACY_CONVERSION_CANDIDATE,PENDING
111225,Backround Thomas,PCS,PCS,1.0,1.0,NO_PACKAGING_LAYER,DETECTOR,LEGACY_CONVERSION_CANDIDATE,PENDING
111226,Backround Kecil Doraemon,PCS,PCS,1.0,1.0,NO_PACKAGING_LAYER,DETECTOR,LEGACY_CONVERSION_CANDIDATE,PENDING
111229,BACKROUND CAMPUR,PCS,PCS,1.0,1.0,NO_PACKAGING_LAYER,DETECTOR,LEGACY_CONVERSION_CANDIDATE,PENDING
111301,BATANG POHON,PCS,PCS,1.0,1.0,NO_PACKAGING_LAYER,DETECTOR,LEGACY_CONVERSION_CANDIDATE,PENDING
111302,Bathroom Rool Smart Due @1*100 Roll,PCS,PCS,1.0,1.0,NO_PACKAGING_LAYER,DETECTOR,LEGACY_CONVERSION_CANDIDATE,PENDING
111401,Boneka Pengantin,PCS,PCS,12.0,12.0,SCM_LARGE_UNIT_TO_TRANSIT_BASE_UNIT_CANDIDATE,DETECTOR,LEGACY_CONVERSION_CANDIDATE,PENDING
111501,PITA SATIN,PCS,PCS,1.0,1.0,NO_PACKAGING_LAYER,DETECTOR,LEGACY_CONVERSION_CANDIDATE,PENDING
111504,Korek Api Gas,PCS,PCS,1.0,1.0,NO_PACKAGING_LAYER,DETECTOR,LEGACY_CONVERSION_CANDIDATE,PENDING
111505,Tirai Foil Metalik,PCS,PCS,1.0,1.0,NO_PACKAGING_LAYER,DETECTOR,LEGACY_CONVERSION_CANDIDATE,PENDING
111506,Tirai Foil dof,PCS,PCS,1.0,1.0,NO_PACKAGING_LAYER,DETECTOR,LEGACY_CONVERSION_CANDIDATE,PENDING
111507,Balon foil angka 0-9 @10 pack,PCS,PCS,1.0,1.0,NO_PACKAGING_LAYER,DETECTOR,"NAME_DERIVED_CANDIDATE,LEGACY_CONVERSION_CANDIDATE,CONVERSION_CONFLICT",PENDING
111508,Balon foil huruf A-Z @10 pack,PCS,PCS,1.0,1.0,NO_PACKAGING_LAYER,DETECTOR,"NAME_DERIVED_CANDIDATE,LEGACY_CONVERSION_CANDIDATE,CONVERSION_CONFLICT",PENDING
111509,PIPET FLA,PCS,PCS,50.0,50.0,SCM_LARGE_UNIT_TO_TRANSIT_BASE_UNIT_CANDIDATE,DETECTOR,LEGACY_CONVERSION_CANDIDATE,PENDING
111510,BUNGA,PCS,PCS,1.0,1.0,NO_PACKAGING_LAYER,DETECTOR,LEGACY_CONVERSION_CANDIDATE,PENDING
111600,Keranjang Mochi,PCS,PCS,1.0,1.0,NO_PACKAGING_LAYER,DETECTOR,LEGACY_CONVERSION_CANDIDATE,PENDING
111709,Lilin Angka 9,PCS,PCS,12.0,12.0,SCM_LARGE_UNIT_TO_TRANSIT_BASE_UNIT_CANDIDATE,DETECTOR,LEGACY_CONVERSION_CANDIDATE,PENDING
111710,Lilin Batang,PACK,PACK,12.0,12.0,SCM_LARGE_UNIT_TO_TRANSIT_BASE_UNIT_CANDIDATE,DETECTOR,LEGACY_CONVERSION_CANDIDATE,PENDING
111711,Lilin Magic,PCS,PCS,12.0,12.0,SCM_LARGE_UNIT_TO_TRANSIT_BASE_UNIT_CANDIDATE,DETECTOR,LEGACY_CONVERSION_CANDIDATE,PENDING
111712,Lilin Kriting Hijau @1x100 pack,PCS,PCS,1.0,1.0,NO_PACKAGING_LAYER,DETECTOR,"IDENTITY_CONFLICT,NAME_DERIVED_CANDIDATE,PACKAGE_STRUCTURE_UNCLEAR,LEGACY_CONVERSION_CANDIDATE",BLOCKED
111713,Lilin Spiral Pendek pink @1x50 Pack,PCS,PCS,10.0,10.0,SCM_LARGE_UNIT_TO_TRANSIT_BASE_UNIT_CANDIDATE,DETECTOR,"NAME_DERIVED_CANDIDATE,PACKAGE_STRUCTURE_UNCLEAR,LEGACY_CONVERSION_CANDIDATE",PENDING
111714,Lilin Spiral Pendek Silver @1x50 Pack,PCS,PCS,10.0,10.0,SCM_LARGE_UNIT_TO_TRANSIT_BASE_UNIT_CANDIDATE,DETECTOR,"NAME_DERIVED_CANDIDATE,PACKAGE_STRUCTURE_UNCLEAR,LEGACY_CONVERSION_CANDIDATE",PENDING
111715,Lilin Spiral Pendek Purple @1x50 Pack,PCS,PCS,10.0,10.0,SCM_LARGE_UNIT_TO_TRANSIT_BASE_UNIT_CANDIDATE,DETECTOR,"NAME_DERIVED_CANDIDATE,PACKAGE_STRUCTURE_UNCLEAR,LEGACY_CONVERSION_CANDIDATE",PENDING
111716,Lilin Spiral Pendek Red @1x50 Pack,PCS,PCS,10.0,10.0,SCM_LARGE_UNIT_TO_TRANSIT_BASE_UNIT_CANDIDATE,DETECTOR,"NAME_DERIVED_CANDIDATE,PACKAGE_STRUCTURE_UNCLEAR,LEGACY_CONVERSION_CANDIDATE",PENDING
111717,Lilin Spiral Pendek Blue @1x50 Pack,PCS,PCS,10.0,10.0,SCM_LARGE_UNIT_TO_TRANSIT_BASE_UNIT_CANDIDATE,DETECTOR,"NAME_DERIVED_CANDIDATE,PACKAGE_STRUCTURE_UNCLEAR,LEGACY_CONVERSION_CANDIDATE",PENDING
111718,Lilin Spiral Pendek Green @1x50 Pack,PCS,PCS,10.0,10.0,SCM_LARGE_UNIT_TO_TRANSIT_BASE_UNIT_CANDIDATE,DETECTOR,"NAME_DERIVED_CANDIDATE,PACKAGE_STRUCTURE_UNCLEAR,LEGACY_CONVERSION_CANDIDATE",PENDING
111719,Lilin Spiral Pendek Rainbow @1x50 Pack,PCS,PCS,10.0,10.0,SCM_LARGE_UNIT_TO_TRANSIT_BASE_UNIT_CANDIDATE,DETECTOR,"NAME_DERIVED_CANDIDATE,PACKAGE_STRUCTURE_UNCLEAR,LEGACY_CONVERSION_CANDIDATE",PENDING
111720,Lilin Spiral Pendek Gold @1x50 Pack,PCS,PCS,10.0,10.0,SCM_LARGE_UNIT_TO_TRANSIT_BASE_UNIT_CANDIDATE,DETECTOR,"NAME_DERIVED_CANDIDATE,PACKAGE_STRUCTURE_UNCLEAR,LEGACY_CONVERSION_CANDIDATE",PENDING
111721,Lilin Spiral Pendek Rosegold @1x50 Pack,PCS,PCS,10.0,10.0,SCM_LARGE_UNIT_TO_TRANSIT_BASE_UNIT_CANDIDATE,DETECTOR,"NAME_DERIVED_CANDIDATE,PACKAGE_STRUCTURE_UNCLEAR,LEGACY_CONVERSION_CANDIDATE",PENDING
111722,Lilin Angka 1 Emas @1x100 Pcs,PCS,PCS,1.0,1.0,NO_PACKAGING_LAYER,DETECTOR,"NAME_DERIVED_CANDIDATE,PACKAGE_STRUCTURE_UNCLEAR,LEGACY_CONVERSION_CANDIDATE",PENDING
111723,Lilin Angka 2 Emas @1x100 Pcs,PCS,PCS,1.0,1.0,NO_PACKAGING_LAYER,DETECTOR,"NAME_DERIVED_CANDIDATE,PACKAGE_STRUCTURE_UNCLEAR,LEGACY_CONVERSION_CANDIDATE",PENDING
111724,Lilin Angka 3 Emas @1x100 Pcs,PCS,PCS,1.0,1.0,NO_PACKAGING_LAYER,DETECTOR,"NAME_DERIVED_CANDIDATE,PACKAGE_STRUCTURE_UNCLEAR,LEGACY_CONVERSION_CANDIDATE",PENDING
111725,Lilin Angka 4 Emas @1x100 Pcs,PCS,PCS,1.0,1.0,NO_PACKAGING_LAYER,DETECTOR,"NAME_DERIVED_CANDIDATE,PACKAGE_STRUCTURE_UNCLEAR,LEGACY_CONVERSION_CANDIDATE",PENDING
111726,Lilin Angka 5 Emas @1x100 Pcs,PCS,PCS,1.0,1.0,NO_PACKAGING_LAYER,DETECTOR,"NAME_DERIVED_CANDIDATE,PACKAGE_STRUCTURE_UNCLEAR,LEGACY_CONVERSION_CANDIDATE",PENDING
111727,Lilin Angka 6 Emas @1x100 Pcs,PCS,PCS,1.0,1.0,NO_PACKAGING_LAYER,DETECTOR,"NAME_DERIVED_CANDIDATE,PACKAGE_STRUCTURE_UNCLEAR,LEGACY_CONVERSION_CANDIDATE",PENDING
111728,Lilin Angka 7 Emas @1x100 Pcs,PCS,PCS,1.0,1.0,NO_PACKAGING_LAYER,DETECTOR,"NAME_DERIVED_CANDIDATE,PACKAGE_STRUCTURE_UNCLEAR,LEGACY_CONVERSION_CANDIDATE",PENDING
111729,Lilin Angka 8 Emas @1x100 Pcs,PCS,PCS,1.0,1.0,NO_PACKAGING_LAYER,DETECTOR,"NAME_DERIVED_CANDIDATE,PACKAGE_STRUCTURE_UNCLEAR,LEGACY_CONVERSION_CANDIDATE",PENDING
111730,Lilin Angka 9 Emas @1x100 Pcs,PCS,PCS,1.0,1.0,NO_PACKAGING_LAYER,DETECTOR,"NAME_DERIVED_CANDIDATE,PACKAGE_STRUCTURE_UNCLEAR,LEGACY_CONVERSION_CANDIDATE",PENDING
111731,Lilin Angka 0 Emas  @1x100 Pcs,PCS,PCS,1.0,1.0,NO_PACKAGING_LAYER,DETECTOR,"NAME_DERIVED_CANDIDATE,PACKAGE_STRUCTURE_UNCLEAR,LEGACY_CONVERSION_CANDIDATE",PENDING
111732,Lilin Angka 0 Gliter @1x12 Pcs,PCS,PCS,1.0,1.0,NO_PACKAGING_LAYER,DETECTOR,"NAME_DERIVED_CANDIDATE,PACKAGE_STRUCTURE_UNCLEAR,LEGACY_CONVERSION_CANDIDATE",PENDING
111733,Lilin Angka 1 Gliter @1x12 Pcs,PCS,PCS,1.0,1.0,NO_PACKAGING_LAYER,DETECTOR,"NAME_DERIVED_CANDIDATE,PACKAGE_STRUCTURE_UNCLEAR,LEGACY_CONVERSION_CANDIDATE",PENDING
111734,Lilin Angka 2 Gliter @1x12 Pcs,PCS,PCS,1.0,1.0,NO_PACKAGING_LAYER,DETECTOR,"NAME_DERIVED_CANDIDATE,PACKAGE_STRUCTURE_UNCLEAR,LEGACY_CONVERSION_CANDIDATE",PENDING
111735,Lilin Angka 3 Gliter @1x12 Pcs,PCS,PCS,1.0,1.0,NO_PACKAGING_LAYER,DETECTOR,"NAME_DERIVED_CANDIDATE,PACKAGE_STRUCTURE_UNCLEAR,LEGACY_CONVERSION_CANDIDATE",PENDING
111736,Lilin Angka 4 Gliter @1x12 Pcs,PCS,PCS,1.0,1.0,NO_PACKAGING_LAYER,DETECTOR,"NAME_DERIVED_CANDIDATE,PACKAGE_STRUCTURE_UNCLEAR,LEGACY_CONVERSION_CANDIDATE",PENDING
111737,Lilin Angka 5 Gliter @1x12 Pcs,PCS,PCS,1.0,1.0,NO_PACKAGING_LAYER,DETECTOR,"NAME_DERIVED_CANDIDATE,PACKAGE_STRUCTURE_UNCLEAR,LEGACY_CONVERSION_CANDIDATE",PENDING
111738,Lilin Angka 6 Gliter @1x12 Pcs,PCS,PCS,1.0,1.0,NO_PACKAGING_LAYER,DETECTOR,"NAME_DERIVED_CANDIDATE,PACKAGE_STRUCTURE_UNCLEAR,LEGACY_CONVERSION_CANDIDATE",PENDING
111739,Lilin Angka 7 Gliter @1x12 Pcs,PCS,PCS,1.0,1.0,NO_PACKAGING_LAYER,DETECTOR,"NAME_DERIVED_CANDIDATE,PACKAGE_STRUCTURE_UNCLEAR,LEGACY_CONVERSION_CANDIDATE",PENDING
111740,Lilin Angka 8 Gliter @1x12 Pcs,PCS,PCS,1.0,1.0,NO_PACKAGING_LAYER,DETECTOR,"NAME_DERIVED_CANDIDATE,PACKAGE_STRUCTURE_UNCLEAR,LEGACY_CONVERSION_CANDIDATE",PENDING
111741,Lilin Angka 9 Gliter @1x12 Pcs,PCS,PCS,1.0,1.0,NO_PACKAGING_LAYER,DETECTOR,"NAME_DERIVED_CANDIDATE,PACKAGE_STRUCTURE_UNCLEAR,LEGACY_CONVERSION_CANDIDATE",PENDING
111742,Lilin Spiral @1x12 batang,PCS,PCS,1.0,1.0,NO_PACKAGING_LAYER,DETECTOR,"NAME_DERIVED_CANDIDATE,PACKAGE_STRUCTURE_UNCLEAR,LEGACY_CONVERSION_CANDIDATE",PENDING
111743,Lilin Spiral @1x24 batang,PCS,PCS,1.0,1.0,NO_PACKAGING_LAYER,DETECTOR,"NAME_DERIVED_CANDIDATE,PACKAGE_STRUCTURE_UNCLEAR,LEGACY_CONVERSION_CANDIDATE",PENDING
111744,Lilin Spiral @1x288 batang,PCS,PCS,1.0,1.0,NO_PACKAGING_LAYER,DETECTOR,"NAME_DERIVED_CANDIDATE,PACKAGE_STRUCTURE_UNCLEAR,LEGACY_CONVERSION_CANDIDATE",PENDING
111745,Lilin Pappermint  @1x24 pack,PCS,PCS,1.0,1.0,NO_PACKAGING_LAYER,DETECTOR,"NAME_DERIVED_CANDIDATE,PACKAGE_STRUCTURE_UNCLEAR,LEGACY_CONVERSION_CANDIDATE",PENDING
111746,Lilin Magic @1x24 pack,PCS,PCS,1.0,1.0,NO_PACKAGING_LAYER,DETECTOR,"NAME_DERIVED_CANDIDATE,PACKAGE_STRUCTURE_UNCLEAR,LEGACY_CONVERSION_CANDIDATE",PENDING
111747,LILIN ANGKA MERAH 0,PCS,PCS,12.0,12.0,SCM_LARGE_UNIT_TO_TRANSIT_BASE_UNIT_CANDIDATE,DETECTOR,LEGACY_CONVERSION_CANDIDATE,PENDING
111748,LILIN ANGKA MERAH 1,PCS,PCS,12.0,12.0,SCM_LARGE_UNIT_TO_TRANSIT_BASE_UNIT_CANDIDATE,DETECTOR,LEGACY_CONVERSION_CANDIDATE,PENDING
111749,LILIN ANGKA MERAH 2,PCS,PCS,12.0,12.0,SCM_LARGE_UNIT_TO_TRANSIT_BASE_UNIT_CANDIDATE,DETECTOR,LEGACY_CONVERSION_CANDIDATE,PENDING
111750,LILIN ANGKA MERAH 3,PCS,PCS,12.0,12.0,SCM_LARGE_UNIT_TO_TRANSIT_BASE_UNIT_CANDIDATE,DETECTOR,LEGACY_CONVERSION_CANDIDATE,PENDING
111751,LILIN ANGKA MERAH 4,PCS,PCS,12.0,12.0,SCM_LARGE_UNIT_TO_TRANSIT_BASE_UNIT_CANDIDATE,DETECTOR,LEGACY_CONVERSION_CANDIDATE,PENDING
111752,LILIN ANGKA MERAH 5,PCS,PCS,12.0,12.0,SCM_LARGE_UNIT_TO_TRANSIT_BASE_UNIT_CANDIDATE,DETECTOR,LEGACY_CONVERSION_CANDIDATE,PENDING
111753,LILIN ANGKA MERAH 6,PCS,PCS,12.0,12.0,SCM_LARGE_UNIT_TO_TRANSIT_BASE_UNIT_CANDIDATE,DETECTOR,LEGACY_CONVERSION_CANDIDATE,PENDING
111754,LILIN ANGKA MERAH 7,PCS,PCS,12.0,12.0,SCM_LARGE_UNIT_TO_TRANSIT_BASE_UNIT_CANDIDATE,DETECTOR,LEGACY_CONVERSION_CANDIDATE,PENDING
111755,LILIN ANGKA MERAH 8,PCS,PCS,12.0,12.0,SCM_LARGE_UNIT_TO_TRANSIT_BASE_UNIT_CANDIDATE,DETECTOR,LEGACY_CONVERSION_CANDIDATE,PENDING
111756,LILIN ANGKA MERAH 9,PCS,PCS,12.0,12.0,SCM_LARGE_UNIT_TO_TRANSIT_BASE_UNIT_CANDIDATE,DETECTOR,LEGACY_CONVERSION_CANDIDATE,PENDING
111757,Lilin Kriting silver @1x100 pack,PCS,PCS,6.0,6.0,SCM_LARGE_UNIT_TO_TRANSIT_BASE_UNIT_CANDIDATE,DETECTOR,"NAME_DERIVED_CANDIDATE,PACKAGE_STRUCTURE_UNCLEAR,LEGACY_CONVERSION_CANDIDATE",PENDING
111758,Lilin Kriting pastel @1x100 pack,PCS,PCS,6.0,6.0,SCM_LARGE_UNIT_TO_TRANSIT_BASE_UNIT_CANDIDATE,DETECTOR,"NAME_DERIVED_CANDIDATE,PACKAGE_STRUCTURE_UNCLEAR,LEGACY_CONVERSION_CANDIDATE",PENDING
111759,Lilin Kriting gold @1x100 pack,PCS,PCS,6.0,6.0,SCM_LARGE_UNIT_TO_TRANSIT_BASE_UNIT_CANDIDATE,DETECTOR,"NAME_DERIVED_CANDIDATE,PACKAGE_STRUCTURE_UNCLEAR,LEGACY_CONVERSION_CANDIDATE",PENDING
111760,Lilin Kriting purple @1x100 pack,PCS,PCS,6.0,6.0,SCM_LARGE_UNIT_TO_TRANSIT_BASE_UNIT_CANDIDATE,DETECTOR,"NAME_DERIVED_CANDIDATE,PACKAGE_STRUCTURE_UNCLEAR,LEGACY_CONVERSION_CANDIDATE",PENDING
111761,Lilin Kriting Rose Gold @1x100 pack,PCS,PCS,6.0,6.0,SCM_LARGE_UNIT_TO_TRANSIT_BASE_UNIT_CANDIDATE,DETECTOR,"NAME_DERIVED_CANDIDATE,PACKAGE_STRUCTURE_UNCLEAR,LEGACY_CONVERSION_CANDIDATE",PENDING
111762,Lilin Batang @1x12 batang,PCS,PCS,6.0,6.0,SCM_LARGE_UNIT_TO_TRANSIT_BASE_UNIT_CANDIDATE,DETECTOR,"NAME_DERIVED_CANDIDATE,PACKAGE_STRUCTURE_UNCLEAR,LEGACY_CONVERSION_CANDIDATE",PENDING
111763,Lilin Batang @1x24 batang,PCS,PCS,6.0,6.0,SCM_LARGE_UNIT_TO_TRANSIT_BASE_UNIT_CANDIDATE,DETECTOR,"NAME_DERIVED_CANDIDATE,PACKAGE_STRUCTURE_UNCLEAR,LEGACY_CONVERSION_CANDIDATE",PENDING
111764,LILIN KRITING MERAH @1X100 PACK,PCS,PCS,6.0,6.0,SCM_LARGE_UNIT_TO_TRANSIT_BASE_UNIT_CANDIDATE,DETECTOR,"NAME_DERIVED_CANDIDATE,PACKAGE_STRUCTURE_UNCLEAR,LEGACY_CONVERSION_CANDIDATE",PENDING
111765,LILIN KRITING BIRU @1X100 PACK,PCS,PCS,6.0,6.0,SCM_LARGE_UNIT_TO_TRANSIT_BASE_UNIT_CANDIDATE,DETECTOR,"NAME_DERIVED_CANDIDATE,PACKAGE_STRUCTURE_UNCLEAR,LEGACY_CONVERSION_CANDIDATE",PENDING
111766,LILIN KRITING MIX @1X100 PACK,PCS,PCS,6.0,6.0,SCM_LARGE_UNIT_TO_TRANSIT_BASE_UNIT_CANDIDATE,DETECTOR,"NAME_DERIVED_CANDIDATE,PACKAGE_STRUCTURE_UNCLEAR,LEGACY_CONVERSION_CANDIDATE",PENDING
111801,PATUNG ANGRY BIRD TANAH LIAT,PCS,PCS,1.0,1.0,NO_PACKAGING_LAYER,DETECTOR,LEGACY_CONVERSION_CANDIDATE,PENDING
111802,PATUNG BEN 10,PCS,PCS,1.0,1.0,NO_PACKAGING_LAYER,DETECTOR,LEGACY_CONVERSION_CANDIDATE,PENDING
111804,Patung Cars,PCS,PCS,48.0,48.0,SCM_LARGE_UNIT_TO_TRANSIT_BASE_UNIT_CANDIDATE,DETECTOR,LEGACY_CONVERSION_CANDIDATE,PENDING
111805,PATUNG DORA,PCS,PCS,1.0,1.0,NO_PACKAGING_LAYER,DETECTOR,LEGACY_CONVERSION_CANDIDATE,PENDING
111806,Patung Doraemon,PCS,PCS,12.0,12.0,SCM_LARGE_UNIT_TO_TRANSIT_BASE_UNIT_CANDIDATE,DETECTOR,LEGACY_CONVERSION_CANDIDATE,PENDING
111807,Patung Frozen,PCS,PCS,1.0,1.0,NO_PACKAGING_LAYER,DETECTOR,LEGACY_CONVERSION_CANDIDATE,PENDING
111808,Patung Hello Kitty,PCS,PCS,1.0,1.0,NO_PACKAGING_LAYER,DETECTOR,LEGACY_CONVERSION_CANDIDATE,PENDING
111809,Patung Hellokity Besar,PCS,PCS,24.0,24.0,SCM_LARGE_UNIT_TO_TRANSIT_BASE_UNIT_CANDIDATE,DETECTOR,LEGACY_CONVERSION_CANDIDATE,PENDING
111810,PATUNG KUDA PONI,PCS,PCS,1.0,1.0,NO_PACKAGING_LAYER,DETECTOR,LEGACY_CONVERSION_CANDIDATE,PENDING
111811,PATUNG MARSHA,PCS,PCS,1.0,1.0,NO_PACKAGING_LAYER,DETECTOR,LEGACY_CONVERSION_CANDIDATE,PENDING
111813,PATUNG MINION,PCS,PCS,1.0,1.0,NO_PACKAGING_LAYER,DETECTOR,LEGACY_CONVERSION_CANDIDATE,PENDING
111814,PATUNG NARUTO,PCS,PCS,1.0,1.0,NO_PACKAGING_LAYER,DETECTOR,LEGACY_CONVERSION_CANDIDATE,PENDING
111815,Patung Princess,PCS,PCS,1.0,1.0,NO_PACKAGING_LAYER,DETECTOR,LEGACY_CONVERSION_CANDIDATE,PENDING
111817,PATUNG SEPAKBOLA,PCS,PCS,1.0,1.0,NO_PACKAGING_LAYER,DETECTOR,LEGACY_CONVERSION_CANDIDATE,PENDING
111818,PATUNG SHAUWN THE SHEEP,PCS,PCS,1.0,1.0,NO_PACKAGING_LAYER,DETECTOR,LEGACY_CONVERSION_CANDIDATE,PENDING
111819,Patung Shopia,PCS,PCS,1.0,1.0,NO_PACKAGING_LAYER,DETECTOR,LEGACY_CONVERSION_CANDIDATE,PENDING
111820,Patung Spiderman,PCS,PCS,1.0,1.0,NO_PACKAGING_LAYER,DETECTOR,LEGACY_CONVERSION_CANDIDATE,PENDING
111821,PATUNG SPONGEBOB,PCS,PCS,1.0,1.0,NO_PACKAGING_LAYER,DETECTOR,LEGACY_CONVERSION_CANDIDATE,PENDING
111823,PATUNG THOMAS,PCS,PCS,1.0,1.0,NO_PACKAGING_LAYER,DETECTOR,LEGACY_CONVERSION_CANDIDATE,PENDING
111826,PATUNG ANGRY BIRD PLASTIK,PCS,PCS,1.0,1.0,NO_PACKAGING_LAYER,DETECTOR,LEGACY_CONVERSION_CANDIDATE,PENDING
111827,PATUNG DRAGON BALL,PCS,PCS,1.0,1.0,NO_PACKAGING_LAYER,DETECTOR,LEGACY_CONVERSION_CANDIDATE,PENDING
111828,PATUNG NARUTO CHIBI,PCS,PCS,1.0,1.0,NO_PACKAGING_LAYER,DETECTOR,LEGACY_CONVERSION_CANDIDATE,PENDING
111829,PATUNG TAYO,PCS,PCS,1.0,1.0,NO_PACKAGING_LAYER,DETECTOR,LEGACY_CONVERSION_CANDIDATE,PENDING
111901,Rumput Jarum,PCS,PCS,1.0,1.0,NO_PACKAGING_LAYER,DETECTOR,LEGACY_CONVERSION_CANDIDATE,PENDING
111902,Ucapan Hbd Tusuk,PCS,PCS,1.0,1.0,NO_PACKAGING_LAYER,DETECTOR,LEGACY_CONVERSION_CANDIDATE,PENDING
111904,Topper Ultah Boboboi @12 set,PCS,PCS,12.0,12.0,SCM_LARGE_UNIT_TO_TRANSIT_BASE_UNIT_CANDIDATE,DETECTOR,"NAME_DERIVED_CANDIDATE,LEGACY_CONVERSION_CANDIDATE",PENDING
111905,Topper Ultah Hewan @12 set,PCS,PCS,12.0,12.0,SCM_LARGE_UNIT_TO_TRANSIT_BASE_UNIT_CANDIDATE,DETECTOR,"IDENTITY_CONFLICT,NAME_DERIVED_CANDIDATE,LEGACY_CONVERSION_CANDIDATE",BLOCKED
111906,Topper Ultah Baby Shark @12 set,PCS,PCS,12.0,12.0,SCM_LARGE_UNIT_TO_TRANSIT_BASE_UNIT_CANDIDATE,DETECTOR,"IDENTITY_CONFLICT,NAME_DERIVED_CANDIDATE,LEGACY_CONVERSION_CANDIDATE",BLOCKED
111907,Topper Ultah Hello kitty @12 set,PCS,PCS,12.0,12.0,SCM_LARGE_UNIT_TO_TRANSIT_BASE_UNIT_CANDIDATE,DETECTOR,"NAME_DERIVED_CANDIDATE,LEGACY_CONVERSION_CANDIDATE",PENDING
111908,Topper Ultah Tayoo @12 set,PCS,PCS,12.0,12.0,SCM_LARGE_UNIT_TO_TRANSIT_BASE_UNIT_CANDIDATE,DETECTOR,"NAME_DERIVED_CANDIDATE,LEGACY_CONVERSION_CANDIDATE",PENDING
111909,Topper Ultah Dinosaurus @12set,PCS,PCS,12.0,12.0,SCM_LARGE_UNIT_TO_TRANSIT_BASE_UNIT_CANDIDATE,DETECTOR,"NAME_DERIVED_CANDIDATE,LEGACY_CONVERSION_CANDIDATE",PENDING
111910,Topper Ultah Doraemon @12set,PCS,PCS,12.0,12.0,SCM_LARGE_UNIT_TO_TRANSIT_BASE_UNIT_CANDIDATE,DETECTOR,"NAME_DERIVED_CANDIDATE,LEGACY_CONVERSION_CANDIDATE",PENDING
111911,Topper Ultah Cars @12set,PCS,PCS,12.0,12.0,SCM_LARGE_UNIT_TO_TRANSIT_BASE_UNIT_CANDIDATE,DETECTOR,"NAME_DERIVED_CANDIDATE,LEGACY_CONVERSION_CANDIDATE",PENDING
111912,Topper Ultah Upin Ipin @12set,PCS,PCS,12.0,12.0,SCM_LARGE_UNIT_TO_TRANSIT_BASE_UNIT_CANDIDATE,DETECTOR,"NAME_DERIVED_CANDIDATE,LEGACY_CONVERSION_CANDIDATE",PENDING
111913,Topper Ultah Astronot @12set,PCS,PCS,12.0,12.0,SCM_LARGE_UNIT_TO_TRANSIT_BASE_UNIT_CANDIDATE,DETECTOR,"NAME_DERIVED_CANDIDATE,LEGACY_CONVERSION_CANDIDATE",PENDING
111914,Topper Ultah Batman @12set,PCS,PCS,12.0,12.0,SCM_LARGE_UNIT_TO_TRANSIT_BASE_UNIT_CANDIDATE,DETECTOR,"NAME_DERIVED_CANDIDATE,LEGACY_CONVERSION_CANDIDATE",PENDING
111915,Topper Ultah Ultraman @12set,PCS,PCS,12.0,12.0,SCM_LARGE_UNIT_TO_TRANSIT_BASE_UNIT_CANDIDATE,DETECTOR,"NAME_DERIVED_CANDIDATE,LEGACY_CONVERSION_CANDIDATE",PENDING
111916,Topper Ultah Thomas @12 set,PCS,PCS,12.0,12.0,SCM_LARGE_UNIT_TO_TRANSIT_BASE_UNIT_CANDIDATE,DETECTOR,"NAME_DERIVED_CANDIDATE,LEGACY_CONVERSION_CANDIDATE",PENDING
111917,Topper Ultah kuda foni @12 set,PCS,PCS,12.0,12.0,SCM_LARGE_UNIT_TO_TRANSIT_BASE_UNIT_CANDIDATE,DETECTOR,"NAME_DERIVED_CANDIDATE,LEGACY_CONVERSION_CANDIDATE",PENDING
111918,Topper Ultah Princess @12 set,PCS,PCS,12.0,12.0,SCM_LARGE_UNIT_TO_TRANSIT_BASE_UNIT_CANDIDATE,DETECTOR,"NAME_DERIVED_CANDIDATE,LEGACY_CONVERSION_CANDIDATE",PENDING
111919,Topper Ultah Mermaid @12 set,PCS,PCS,12.0,12.0,SCM_LARGE_UNIT_TO_TRANSIT_BASE_UNIT_CANDIDATE,DETECTOR,"NAME_DERIVED_CANDIDATE,LEGACY_CONVERSION_CANDIDATE",PENDING
111920,Topper akrilik Happy Wedding,PCS,PCS,,,NO_PACKAGING_EVIDENCE,DETECTOR,IDENTITY_CONFLICT,BLOCKED
111921,Topper kertas @12 set,PCS,PCS,12.0,12.0,SCM_LARGE_UNIT_TO_TRANSIT_BASE_UNIT_CANDIDATE,DETECTOR,"NAME_DERIVED_CANDIDATE,LEGACY_CONVERSION_CANDIDATE",PENDING
111922,TOPPER KUE AMORCAKE,PCS,PCS,1.0,1.0,NO_PACKAGING_LAYER,DETECTOR,LEGACY_CONVERSION_CANDIDATE,PENDING
111923,Topper Akrilik Happy Birthday Besar,PCS,PCS,1.0,1.0,NO_PACKAGING_LAYER,DETECTOR,LEGACY_CONVERSION_CANDIDATE,PENDING
111924,Topper Akrilik Happy Birthday Kecil,PCS,PCS,100.0,100.0,SCM_LARGE_UNIT_TO_TRANSIT_BASE_UNIT_CANDIDATE,DETECTOR,LEGACY_CONVERSION_CANDIDATE,PENDING
111925,Topper Akrilik Happy Bride to be,PCS,PCS,1.0,1.0,NO_PACKAGING_LAYER,DETECTOR,LEGACY_CONVERSION_CANDIDATE,PENDING
111926,TOPPER AKRILIK KARAKTER,PCS,PCS,1.0,1.0,NO_PACKAGING_LAYER,DETECTOR,LEGACY_CONVERSION_CANDIDATE,PENDING
111927,TOPPER AKRILIK @100 PCS,PCS,PCS,100.0,100.0,SCM_LARGE_UNIT_TO_TRANSIT_BASE_UNIT_CANDIDATE,DETECTOR,"NAME_DERIVED_CANDIDATE,LEGACY_CONVERSION_CANDIDATE",PENDING
111928,KARTU UCAPAN 14X10,PCS,PCS,1.0,1.0,NO_PACKAGING_LAYER,DETECTOR,LEGACY_CONVERSION_CANDIDATE,PENDING
120101,Susu Bubuk F-04 @ 25 Kg,KG,KG,25.0,25.0,SCM_LARGE_UNIT_TO_TRANSIT_BASE_UNIT_CANDIDATE,DETECTOR,"NAME_DERIVED_CANDIDATE,LEGACY_CONVERSION_CANDIDATE",PENDING
120102,Susu Cair Indomilk @12X1 Liter,LTR,LTR,11.4,11.4,SCM_LARGE_UNIT_TO_TRANSIT_BASE_UNIT_CANDIDATE,DETECTOR,"NAME_DERIVED_CANDIDATE,PACKAGE_STRUCTURE_UNCLEAR,LEGACY_CONVERSION_CANDIDATE",PENDING
120103,Susu F&n,JAR,JAR,48.0,48.0,SCM_LARGE_UNIT_TO_TRANSIT_BASE_UNIT_CANDIDATE,DETECTOR,LEGACY_CONVERSION_CANDIDATE,PENDING
120106,Bonigrasa 50 Pah @1X25 Kg,KG,KG,25.0,25.0,SCM_LARGE_UNIT_TO_TRANSIT_BASE_UNIT_CANDIDATE,DETECTOR,"NAME_DERIVED_CANDIDATE,PACKAGE_STRUCTURE_UNCLEAR,LEGACY_CONVERSION_CANDIDATE",PENDING
120107,Susu Bubuk F-04 @ 10 Kg,KG,KG,10.0,10.0,SCM_LARGE_UNIT_TO_TRANSIT_BASE_UNIT_CANDIDATE,DETECTOR,"NAME_DERIVED_CANDIDATE,LEGACY_CONVERSION_CANDIDATE",PENDING
120108,SUSU EVAPORASI MILKO @20 x 210 ml,PCS,PCS,20.0,20.0,SCM_LARGE_UNIT_TO_TRANSIT_BASE_UNIT_CANDIDATE,DETECTOR,"NAME_DERIVED_CANDIDATE,PACKAGE_STRUCTURE_UNCLEAR,LEGACY_CONVERSION_CANDIDATE",PENDING
120109,SUSU EVAPORASI TIGA SAPI @ 12X500 ML,PCS,PCS,12.0,12.0,SCM_LARGE_UNIT_TO_TRANSIT_BASE_UNIT_CANDIDATE,DETECTOR,"NAME_DERIVED_CANDIDATE,PACKAGE_STRUCTURE_UNCLEAR,LEGACY_CONVERSION_CANDIDATE",PENDING
120110,Dancow coklat 1kg,KG,KG,1.0,1.0,NO_PACKAGING_LAYER,DETECTOR,LEGACY_CONVERSION_CANDIDATE,PENDING
120111,Dancow instant 1kg,KG,KG,1.0,1.0,NO_PACKAGING_LAYER,DETECTOR,LEGACY_CONVERSION_CANDIDATE,PENDING
120112,Zee Strawberry,GR,GR,340.0,340.0,SCM_LARGE_UNIT_TO_TRANSIT_BASE_UNIT_CANDIDATE,DETECTOR,LEGACY_CONVERSION_CANDIDATE,PENDING
120113,SUSU BUBUK F-06 @ 25 KG,KG,KG,25.0,25.0,SCM_LARGE_UNIT_TO_TRANSIT_BASE_UNIT_CANDIDATE,DETECTOR,"NAME_DERIVED_CANDIDATE,LEGACY_CONVERSION_CANDIDATE",PENDING
120114,"MILK BARN @ 8X2,5 KG",KG,KG,20000.0,20000.0,SCM_LARGE_UNIT_TO_TRANSIT_BASE_UNIT_CANDIDATE,DETECTOR,"NAME_DERIVED_CANDIDATE,PACKAGE_STRUCTURE_UNCLEAR,LEGACY_CONVERSION_CANDIDATE",PENDING
120115,PREMIX SUSU BUBUK,KG,KG,1.0,1.0,NO_PACKAGING_LAYER,DETECTOR,LEGACY_CONVERSION_CANDIDATE,PENDING
120116,SUSU BUBUK FITAMIL @25 KG,KG,KG,25.0,25.0,SCM_LARGE_UNIT_TO_TRANSIT_BASE_UNIT_CANDIDATE,DETECTOR,"NAME_DERIVED_CANDIDATE,LEGACY_CONVERSION_CANDIDATE",PENDING
120117,SUSU UHT FULL CREAM DIAMOND @ 12 X 1 L,LTR,LTR,12.0,12.0,SCM_LARGE_UNIT_TO_TRANSIT_BASE_UNIT_CANDIDATE,DETECTOR,"NAME_DERIVED_CANDIDATE,PACKAGE_STRUCTURE_UNCLEAR,LEGACY_CONVERSION_CANDIDATE",PENDING
120118,SUSU VAMOLA,PCS,PCS,48.0,48.0,SCM_LARGE_UNIT_TO_TRANSIT_BASE_UNIT_CANDIDATE,DETECTOR,LEGACY_CONVERSION_CANDIDATE,PENDING
120119,SUSU ULTRA MILK FULL CREAM,LTR,LTR,,,NO_PACKAGING_EVIDENCE,DETECTOR,NO_EVIDENCE_FOUND,PENDING
130101,Amor Donat Yogurt Mix @1X10Kg,KG,KG,10.0,10.0,SCM_LARGE_UNIT_TO_TRANSIT_BASE_UNIT_CANDIDATE,DETECTOR,"NAME_DERIVED_CANDIDATE,PACKAGE_STRUCTURE_UNCLEAR,LEGACY_CONVERSION_CANDIDATE",PENDING
130104,Fond Tiramisu @1X5Kg,KG,KG,5.0,5.0,SCM_LARGE_UNIT_TO_TRANSIT_BASE_UNIT_CANDIDATE,DETECTOR,"NAME_DERIVED_CANDIDATE,PACKAGE_STRUCTURE_UNCLEAR,LEGACY_CONVERSION_CANDIDATE",PENDING
130106,Maizena CHEILJEDANG @25Kg,KG,KG,25.0,25.0,SCM_LARGE_UNIT_TO_TRANSIT_BASE_UNIT_CANDIDATE,DETECTOR,"NAME_DERIVED_CANDIDATE,LEGACY_CONVERSION_CANDIDATE",PENDING
130107,Beika P 500,KG,KG,10.0,10.0,SCM_LARGE_UNIT_TO_TRANSIT_BASE_UNIT_CANDIDATE,DETECTOR,LEGACY_CONVERSION_CANDIDATE,PENDING
130108,Maizena Cornstrach 25kg,KG,KG,25000.0,25000.0,SCM_LARGE_UNIT_TO_TRANSIT_BASE_UNIT_CANDIDATE,DETECTOR,LEGACY_CONVERSION_CANDIDATE,PENDING
130110,Maizena Cargill @25kg,KG,KG,25.0,25.0,SCM_LARGE_UNIT_TO_TRANSIT_BASE_UNIT_CANDIDATE,DETECTOR,"NAME_DERIVED_CANDIDATE,LEGACY_CONVERSION_CANDIDATE",PENDING
130111,PREMIX MAIZENA,KG,KG,1.0,1.0,NO_PACKAGING_LAYER,DETECTOR,LEGACY_CONVERSION_CANDIDATE,PENDING
130112,Maizena Mekarmas @25 kg,KG,KG,25.0,25.0,SCM_LARGE_UNIT_TO_TRANSIT_BASE_UNIT_CANDIDATE,DETECTOR,"NAME_DERIVED_CANDIDATE,LEGACY_CONVERSION_CANDIDATE",PENDING
130301,Tepung Balastra @1X10Kg,KG,KG,10.0,10.0,SCM_LARGE_UNIT_TO_TRANSIT_BASE_UNIT_CANDIDATE,DETECTOR,"NAME_DERIVED_CANDIDATE,PACKAGE_STRUCTURE_UNCLEAR,LEGACY_CONVERSION_CANDIDATE",PENDING
130302,Tepung Brownbread @1X10Kg,KG,KG,10.0,10.0,SCM_LARGE_UNIT_TO_TRANSIT_BASE_UNIT_CANDIDATE,DETECTOR,"NAME_DERIVED_CANDIDATE,PACKAGE_STRUCTURE_UNCLEAR,LEGACY_CONVERSION_CANDIDATE",PENDING
130303,Tepung Kanji Gunung @1X25Kg,KG,KG,25.0,25.0,SCM_LARGE_UNIT_TO_TRANSIT_BASE_UNIT_CANDIDATE,DETECTOR,"NAME_DERIVED_CANDIDATE,PACKAGE_STRUCTURE_UNCLEAR,LEGACY_CONVERSION_CANDIDATE",PENDING
130304,Tepung Ketan Rosebrand @20X500Gr,KG,KG,10.0,10.0,SCM_LARGE_UNIT_TO_TRANSIT_BASE_UNIT_CANDIDATE,DETECTOR,"NAME_DERIVED_CANDIDATE,PACKAGE_STRUCTURE_UNCLEAR,LEGACY_CONVERSION_CANDIDATE",PENDING
130305,Tepung Muffin Cokelat @1X10Kg,KG,KG,10.0,10.0,SCM_LARGE_UNIT_TO_TRANSIT_BASE_UNIT_CANDIDATE,DETECTOR,"NAME_DERIVED_CANDIDATE,PACKAGE_STRUCTURE_UNCLEAR,LEGACY_CONVERSION_CANDIDATE",PENDING
130306,Tepung Muffin Vanila @1X10Kg,KG,KG,10.0,10.0,SCM_LARGE_UNIT_TO_TRANSIT_BASE_UNIT_CANDIDATE,DETECTOR,"NAME_DERIVED_CANDIDATE,PACKAGE_STRUCTURE_UNCLEAR,LEGACY_CONVERSION_CANDIDATE",PENDING
130307,Tepung Spongemix Coklat @1X10Kg,KG,KG,10.0,10.0,SCM_LARGE_UNIT_TO_TRANSIT_BASE_UNIT_CANDIDATE,DETECTOR,"NAME_DERIVED_CANDIDATE,PACKAGE_STRUCTURE_UNCLEAR,LEGACY_CONVERSION_CANDIDATE",PENDING
130308,Tepung Spongemix Vanila @1X10Kg,KG,KG,10.0,10.0,SCM_LARGE_UNIT_TO_TRANSIT_BASE_UNIT_CANDIDATE,DETECTOR,"NAME_DERIVED_CANDIDATE,PACKAGE_STRUCTURE_UNCLEAR,LEGACY_CONVERSION_CANDIDATE",PENDING
130309,TERIGU CAKRA KEMBAR @1X25KG,KG,KG,25.0,25.0,SCM_LARGE_UNIT_TO_TRANSIT_BASE_UNIT_CANDIDATE,DETECTOR,"NAME_DERIVED_CANDIDATE,PACKAGE_STRUCTURE_UNCLEAR,LEGACY_CONVERSION_CANDIDATE",PENDING
130310,Terigu Lonceng Hijau @1X25 Kg,KG,KG,25.0,25.0,SCM_LARGE_UNIT_TO_TRANSIT_BASE_UNIT_CANDIDATE,DETECTOR,"NAME_DERIVED_CANDIDATE,PACKAGE_STRUCTURE_UNCLEAR,LEGACY_CONVERSION_CANDIDATE",PENDING
130311,Terigu Perdana @1X25 Kg,KG,KG,25.0,25.0,SCM_LARGE_UNIT_TO_TRANSIT_BASE_UNIT_CANDIDATE,DETECTOR,"NAME_DERIVED_CANDIDATE,PACKAGE_STRUCTURE_UNCLEAR,LEGACY_CONVERSION_CANDIDATE",PENDING
130312,Terigu Premium Hana Chiffon 10Kg,KG,KG,10.0,10.0,SCM_LARGE_UNIT_TO_TRANSIT_BASE_UNIT_CANDIDATE,DETECTOR,LEGACY_CONVERSION_CANDIDATE,PENDING
130313,Terigu Premium Hana Swiss Roll 10Kg,KG,KG,10.0,10.0,SCM_LARGE_UNIT_TO_TRANSIT_BASE_UNIT_CANDIDATE,DETECTOR,LEGACY_CONVERSION_CANDIDATE,PENDING
130314,Terigu Bola Salju @1X25Kg,KG,KG,25.0,25.0,SCM_LARGE_UNIT_TO_TRANSIT_BASE_UNIT_CANDIDATE,DETECTOR,"NAME_DERIVED_CANDIDATE,PACKAGE_STRUCTURE_UNCLEAR,LEGACY_CONVERSION_CANDIDATE",PENDING
130315,Terigu Premium Hana Keik Sponge 10Kg,KG,KG,10.0,10.0,SCM_LARGE_UNIT_TO_TRANSIT_BASE_UNIT_CANDIDATE,DETECTOR,LEGACY_CONVERSION_CANDIDATE,PENDING
130316,Tepung Ketan Hitam @20X250 Gram,KG,KG,5.0,5.0,SCM_LARGE_UNIT_TO_TRANSIT_BASE_UNIT_CANDIDATE,DETECTOR,"NAME_DERIVED_CANDIDATE,PACKAGE_STRUCTURE_UNCLEAR,LEGACY_CONVERSION_CANDIDATE",PENDING
130317,TERIGU GOLDEN EAGLE @25KG,KG,KG,25.0,25.0,SCM_LARGE_UNIT_TO_TRANSIT_BASE_UNIT_CANDIDATE,DETECTOR,"NAME_DERIVED_CANDIDATE,LEGACY_CONVERSION_CANDIDATE",PENDING
130318,Golden Sponge Cake Mix (B) @12kg,KG,KG,12.0,12.0,SCM_LARGE_UNIT_TO_TRANSIT_BASE_UNIT_CANDIDATE,DETECTOR,"NAME_DERIVED_CANDIDATE,LEGACY_CONVERSION_CANDIDATE",PENDING
130319,Terigu segitiga biru 25kg,KG,KG,25.0,25.0,SCM_LARGE_UNIT_TO_TRANSIT_BASE_UNIT_CANDIDATE,DETECTOR,LEGACY_CONVERSION_CANDIDATE,PENDING
130320,TEPUNG MUFFIN CHOCOLATE ZEELANDIA 10x1kg,KG,KG,1.0,1.0,NO_PACKAGING_LAYER,DETECTOR,LEGACY_CONVERSION_CANDIDATE,PENDING
130321,TEPUNG MUFFIN VANILLA ZEELANDIA 10x1kg,KG,KG,1.0,1.0,NO_PACKAGING_LAYER,DETECTOR,LEGACY_CONVERSION_CANDIDATE,PENDING
130322,Terigu Stupa Hijau @25Kg,KG,KG,25.0,25.0,SCM_LARGE_UNIT_TO_TRANSIT_BASE_UNIT_CANDIDATE,DETECTOR,"NAME_DERIVED_CANDIDATE,LEGACY_CONVERSION_CANDIDATE",PENDING
130323,Terigu Tali Mas @25kg,KG,KG,25.0,25.0,SCM_LARGE_UNIT_TO_TRANSIT_BASE_UNIT_CANDIDATE,DETECTOR,"NAME_DERIVED_CANDIDATE,LEGACY_CONVERSION_CANDIDATE",PENDING
130324,Tegral Donat Prime @ 10kg,KG,KG,10.0,10.0,SCM_LARGE_UNIT_TO_TRANSIT_BASE_UNIT_CANDIDATE,DETECTOR,"NAME_DERIVED_CANDIDATE,LEGACY_CONVERSION_CANDIDATE",PENDING
130325,Terigu Kawan Baru @25kg,KG,KG,25.0,25.0,SCM_LARGE_UNIT_TO_TRANSIT_BASE_UNIT_CANDIDATE,DETECTOR,"NAME_DERIVED_CANDIDATE,LEGACY_CONVERSION_CANDIDATE",PENDING
130326,PREMIX TALI MAS,KG,KG,1.0,1.0,NO_PACKAGING_LAYER,DETECTOR,LEGACY_CONVERSION_CANDIDATE,PENDING
130327,PREMIX STUPA HIJAU,KG,KG,1.0,1.0,NO_PACKAGING_LAYER,DETECTOR,LEGACY_CONVERSION_CANDIDATE,PENDING
130328,TEPUNG PANIR,KG,KG,10.0,10.0,SCM_LARGE_UNIT_TO_TRANSIT_BASE_UNIT_CANDIDATE,DETECTOR,LEGACY_CONVERSION_CANDIDATE,PENDING
130330,TEPUNG TAPIOKA,KG,KG,1.0,1.0,NO_PACKAGING_LAYER,DETECTOR,LEGACY_CONVERSION_CANDIDATE,PENDING
130331,TERIGU TALI BIRU @25 KG,KG,KG,25.0,25.0,SCM_LARGE_UNIT_TO_TRANSIT_BASE_UNIT_CANDIDATE,DETECTOR,"NAME_DERIVED_CANDIDATE,LEGACY_CONVERSION_CANDIDATE",PENDING
130332,TEPUNG BERAS PUTIH  @20X500 GR,KG,KG,10.0,10.0,SCM_LARGE_UNIT_TO_TRANSIT_BASE_UNIT_CANDIDATE,DETECTOR,"NAME_DERIVED_CANDIDATE,PACKAGE_STRUCTURE_UNCLEAR,LEGACY_CONVERSION_CANDIDATE",PENDING
130333,TEGRAL MOCHI BREAD,KG,KG,5.0,5.0,SCM_LARGE_UNIT_TO_TRANSIT_BASE_UNIT_CANDIDATE,DETECTOR,LEGACY_CONVERSION_CANDIDATE,PENDING
130334,TERIGU KUNCI BIRU,GR,GR,1000.0,1000.0,SCM_LARGE_UNIT_TO_TRANSIT_BASE_UNIT_CANDIDATE,DETECTOR,LEGACY_CONVERSION_CANDIDATE,PENDING
130335,TEPUNG SAGU,GR,GR,1000.0,1000.0,SCM_LARGE_UNIT_TO_TRANSIT_BASE_UNIT_CANDIDATE,DETECTOR,LEGACY_CONVERSION_CANDIDATE,PENDING
140101,Sonton Chocolate Banana Flav Spread,KG,KG,15.0,15.0,SCM_LARGE_UNIT_TO_TRANSIT_BASE_UNIT_CANDIDATE,DETECTOR,LEGACY_CONVERSION_CANDIDATE,PENDING
140202,Crystal Jelly @5Kg,KG,KG,5.0,5.0,SCM_LARGE_UNIT_TO_TRANSIT_BASE_UNIT_CANDIDATE,DETECTOR,"NAME_DERIVED_CANDIDATE,LEGACY_CONVERSION_CANDIDATE",PENDING
140203,Royal Jelly @1kg,KG,KG,1.0,1.0,NO_PACKAGING_LAYER,DETECTOR,"NAME_DERIVED_CANDIDATE,LEGACY_CONVERSION_CANDIDATE",PENDING
140204,Royal Jelly @5kg,KG,KG,5.0,5.0,SCM_LARGE_UNIT_TO_TRANSIT_BASE_UNIT_CANDIDATE,DETECTOR,"NAME_DERIVED_CANDIDATE,LEGACY_CONVERSION_CANDIDATE",PENDING
140205,Creamfill Vanila 5kg,KG,KG,5.0,5.0,SCM_LARGE_UNIT_TO_TRANSIT_BASE_UNIT_CANDIDATE,DETECTOR,LEGACY_CONVERSION_CANDIDATE,PENDING
140206,Goldfill Strawberry 5Kg,KG,KG,5.0,5.0,SCM_LARGE_UNIT_TO_TRANSIT_BASE_UNIT_CANDIDATE,DETECTOR,LEGACY_CONVERSION_CANDIDATE,PENDING
140207,AGAR-AGAR SWALLOW,PCS,PCS,12.0,12.0,SCM_LARGE_UNIT_TO_TRANSIT_BASE_UNIT_CANDIDATE,DETECTOR,LEGACY_CONVERSION_CANDIDATE,PENDING
140300,"Decorgel Glamour @1X3,15Kg",KG,KG,3.15,3.15,SCM_LARGE_UNIT_TO_TRANSIT_BASE_UNIT_CANDIDATE,DETECTOR,"NAME_DERIVED_CANDIDATE,PACKAGE_STRUCTURE_UNCLEAR,LEGACY_CONVERSION_CANDIDATE",PENDING
140301,Gelatin @1Kg,KG,KG,1.0,1.0,NO_PACKAGING_LAYER,DETECTOR,"NAME_DERIVED_CANDIDATE,LEGACY_CONVERSION_CANDIDATE",PENDING
140302,"DECORGEL NEUTRAL 3,15 KG",KG,KG,3.15,3.15,SCM_LARGE_UNIT_TO_TRANSIT_BASE_UNIT_CANDIDATE,DETECTOR,LEGACY_CONVERSION_CANDIDATE,PENDING
140401,Elmer Glaze Avocado @2X5Kg,KG,KG,10.0,10.0,SCM_LARGE_UNIT_TO_TRANSIT_BASE_UNIT_CANDIDATE,DETECTOR,"NAME_DERIVED_CANDIDATE,PACKAGE_STRUCTURE_UNCLEAR,LEGACY_CONVERSION_CANDIDATE",PENDING
140404,ELMER GLAZE DARK @2X5KG,KG,KG,10000.0,10000.0,SCM_LARGE_UNIT_TO_TRANSIT_BASE_UNIT_CANDIDATE,DETECTOR,"NAME_DERIVED_CANDIDATE,PACKAGE_STRUCTURE_UNCLEAR,LEGACY_CONVERSION_CANDIDATE",PENDING
140405,ELMER GLAZE GREENTEA @2X5KG,KG,KG,10000.0,10000.0,SCM_LARGE_UNIT_TO_TRANSIT_BASE_UNIT_CANDIDATE,DETECTOR,"NAME_DERIVED_CANDIDATE,PACKAGE_STRUCTURE_UNCLEAR,LEGACY_CONVERSION_CANDIDATE",PENDING
140409,ELMER GLAZE STRAWBERRY @2X5KG,KG,KG,10000.0,10000.0,SCM_LARGE_UNIT_TO_TRANSIT_BASE_UNIT_CANDIDATE,DETECTOR,"NAME_DERIVED_CANDIDATE,PACKAGE_STRUCTURE_UNCLEAR,LEGACY_CONVERSION_CANDIDATE",PENDING
140410,Elmer Glaze Taro @2X5Kg,KG,KG,10.0,10.0,SCM_LARGE_UNIT_TO_TRANSIT_BASE_UNIT_CANDIDATE,DETECTOR,"NAME_DERIVED_CANDIDATE,PACKAGE_STRUCTURE_UNCLEAR,LEGACY_CONVERSION_CANDIDATE",PENDING
140411,ELMER GLAZE TIRAMISU @2X5KG,KG,KG,10.0,10.0,SCM_LARGE_UNIT_TO_TRANSIT_BASE_UNIT_CANDIDATE,DETECTOR,"NAME_DERIVED_CANDIDATE,PACKAGE_STRUCTURE_UNCLEAR,LEGACY_CONVERSION_CANDIDATE",PENDING
140412,ELMER GLAZE WHITE @2X5KG,KG,KG,10.0,10.0,SCM_LARGE_UNIT_TO_TRANSIT_BASE_UNIT_CANDIDATE,DETECTOR,"NAME_DERIVED_CANDIDATE,PACKAGE_STRUCTURE_UNCLEAR,LEGACY_CONVERSION_CANDIDATE",PENDING
140413,Caravella Fluifour Cocoa @1X5 Kg,KG,KG,5.0,5.0,SCM_LARGE_UNIT_TO_TRANSIT_BASE_UNIT_CANDIDATE,DETECTOR,"NAME_DERIVED_CANDIDATE,PACKAGE_STRUCTURE_UNCLEAR,LEGACY_CONVERSION_CANDIDATE",PENDING
140414,Caravella Fluifour Hazelnut @1X5 Kg,KG,KG,5.0,5.0,SCM_LARGE_UNIT_TO_TRANSIT_BASE_UNIT_CANDIDATE,DETECTOR,"NAME_DERIVED_CANDIDATE,PACKAGE_STRUCTURE_UNCLEAR,LEGACY_CONVERSION_CANDIDATE",PENDING
140415,Chefmate Glaze 5Kg Pail Moccachino,KG,KG,10.0,10.0,SCM_LARGE_UNIT_TO_TRANSIT_BASE_UNIT_CANDIDATE,DETECTOR,LEGACY_CONVERSION_CANDIDATE,PENDING
140416,Chefmate Glaze 5Kg Pail Strawberry,KG,KG,10.0,10.0,SCM_LARGE_UNIT_TO_TRANSIT_BASE_UNIT_CANDIDATE,DETECTOR,LEGACY_CONVERSION_CANDIDATE,PENDING
140417,Chefmate Glaze 5Kg Pail Taro,KG,KG,10.0,10.0,SCM_LARGE_UNIT_TO_TRANSIT_BASE_UNIT_CANDIDATE,DETECTOR,LEGACY_CONVERSION_CANDIDATE,PENDING
140418,Chefmate Glaze 5Kg Pail Vanila Caramel,KG,KG,10.0,10.0,SCM_LARGE_UNIT_TO_TRANSIT_BASE_UNIT_CANDIDATE,DETECTOR,LEGACY_CONVERSION_CANDIDATE,PENDING
140419,Chefmate Glaze 5Kg Pail Rose,KG,KG,10.0,10.0,SCM_LARGE_UNIT_TO_TRANSIT_BASE_UNIT_CANDIDATE,DETECTOR,LEGACY_CONVERSION_CANDIDATE,PENDING
140420,Chefmate Glaze 5Kg Pail Thaitea,KG,KG,10.0,10.0,SCM_LARGE_UNIT_TO_TRANSIT_BASE_UNIT_CANDIDATE,DETECTOR,LEGACY_CONVERSION_CANDIDATE,PENDING
140421,Chefmate Glaze 5Kg Pail Tiramisu,KG,KG,10.0,10.0,SCM_LARGE_UNIT_TO_TRANSIT_BASE_UNIT_CANDIDATE,DETECTOR,LEGACY_CONVERSION_CANDIDATE,PENDING
140422,Chefmate Glaze 5Kg Pail Banana Caramel,KG,KG,10.0,10.0,SCM_LARGE_UNIT_TO_TRANSIT_BASE_UNIT_CANDIDATE,DETECTOR,LEGACY_CONVERSION_CANDIDATE,PENDING
140423,COLLATA GLAZE DARK,KG,KG,20.0,20.0,SCM_LARGE_UNIT_TO_TRANSIT_BASE_UNIT_CANDIDATE,DETECTOR,LEGACY_CONVERSION_CANDIDATE,PENDING
140424,COLLATA GLAZE WHITE,KG,KG,20.0,20.0,SCM_LARGE_UNIT_TO_TRANSIT_BASE_UNIT_CANDIDATE,DETECTOR,LEGACY_CONVERSION_CANDIDATE,PENDING
140425,COLLATA GLAZE STRAWBERY,KG,KG,20.0,20.0,SCM_LARGE_UNIT_TO_TRANSIT_BASE_UNIT_CANDIDATE,DETECTOR,LEGACY_CONVERSION_CANDIDATE,PENDING
140426,COLLATA GLAZE TIRAMISU,KG,KG,20.0,20.0,SCM_LARGE_UNIT_TO_TRANSIT_BASE_UNIT_CANDIDATE,DETECTOR,LEGACY_CONVERSION_CANDIDATE,PENDING
140427,COLLATA GLAZE GREENTEA,KG,KG,20.0,20.0,SCM_LARGE_UNIT_TO_TRANSIT_BASE_UNIT_CANDIDATE,DETECTOR,LEGACY_CONVERSION_CANDIDATE,PENDING
140502,BISKUIT MARIE,PACK,PACK,10.0,10.0,SCM_LARGE_UNIT_TO_TRANSIT_BASE_UNIT_CANDIDATE,DETECTOR,LEGACY_CONVERSION_CANDIDATE,PENDING
140503,BISKUIT RODEO,KG,KG,5.0,5.0,SCM_LARGE_UNIT_TO_TRANSIT_BASE_UNIT_CANDIDATE,DETECTOR,LEGACY_CONVERSION_CANDIDATE,PENDING
140504,CRACKERBALL,PACK,PACK,250.0,250.0,SCM_LARGE_UNIT_TO_TRANSIT_BASE_UNIT_CANDIDATE,DETECTOR,LEGACY_CONVERSION_CANDIDATE,PENDING
140505,LOTUS BISCOFF,PACK,PACK,250.0,250.0,SCM_LARGE_UNIT_TO_TRANSIT_BASE_UNIT_CANDIDATE,DETECTOR,LEGACY_CONVERSION_CANDIDATE,PENDING
140507,KACANG TANAH,KG,KG,1.0,1.0,NO_PACKAGING_LAYER,DETECTOR,LEGACY_CONVERSION_CANDIDATE,PENDING
140508,COKLAT CACA BESAR @ 1KG,GR,GR,1000.0,1000.0,SCM_LARGE_UNIT_TO_TRANSIT_BASE_UNIT_CANDIDATE,DETECTOR,"NAME_DERIVED_CANDIDATE,LEGACY_CONVERSION_CANDIDATE,CONVERSION_CONFLICT",PENDING
140509,MUTE SILVER,GR,GR,10.0,10.0,SCM_LARGE_UNIT_TO_TRANSIT_BASE_UNIT_CANDIDATE,DETECTOR,LEGACY_CONVERSION_CANDIDATE,PENDING
140511,MUTE GOLD,GR,GR,10.0,10.0,SCM_LARGE_UNIT_TO_TRANSIT_BASE_UNIT_CANDIDATE,DETECTOR,LEGACY_CONVERSION_CANDIDATE,PENDING
140513,KOPI INDOCOFFEE MIX,PCS,PCS,30.0,30.0,SCM_LARGE_UNIT_TO_TRANSIT_BASE_UNIT_CANDIDATE,DETECTOR,LEGACY_CONVERSION_CANDIDATE,PENDING
140514,SELAI NANAS,KG,KG,10.0,10.0,SCM_LARGE_UNIT_TO_TRANSIT_BASE_UNIT_CANDIDATE,DETECTOR,LEGACY_CONVERSION_CANDIDATE,PENDING
140515,OPA STROBERI @225 GR,GR,GR,225.0,225.0,SCM_LARGE_UNIT_TO_TRANSIT_BASE_UNIT_CANDIDATE,DETECTOR,"NAME_DERIVED_CANDIDATE,LEGACY_CONVERSION_CANDIDATE",PENDING
140516,OPA NANAS @225 GR,GR,GR,225.0,225.0,SCM_LARGE_UNIT_TO_TRANSIT_BASE_UNIT_CANDIDATE,DETECTOR,"NAME_DERIVED_CANDIDATE,LEGACY_CONVERSION_CANDIDATE",PENDING
140517,OPA CHOCO CRUNCHY @200 GR,GR,GR,200.0,200.0,SCM_LARGE_UNIT_TO_TRANSIT_BASE_UNIT_CANDIDATE,DETECTOR,"NAME_DERIVED_CANDIDATE,LEGACY_CONVERSION_CANDIDATE",PENDING
140518,L'AGIE CHIC CHOC,KG,KG,1.0,1.0,NO_PACKAGING_LAYER,DETECTOR,LEGACY_CONVERSION_CANDIDATE,PENDING
140519,KELAPA KERING,KG,KG,1.0,1.0,NO_PACKAGING_LAYER,DETECTOR,LEGACY_CONVERSION_CANDIDATE,PENDING
140520,CRACKERBALL WARNA PUTIH,PACK,PACK,250.0,250.0,SCM_LARGE_UNIT_TO_TRANSIT_BASE_UNIT_CANDIDATE,DETECTOR,LEGACY_CONVERSION_CANDIDATE,PENDING
140521,CRACKERBALL WARNA COKLAT,PACK,PACK,250.0,250.0,SCM_LARGE_UNIT_TO_TRANSIT_BASE_UNIT_CANDIDATE,DETECTOR,LEGACY_CONVERSION_CANDIDATE,PENDING
140522,CRACKERBALL WARNA PINK,PACK,PACK,250.0,250.0,SCM_LARGE_UNIT_TO_TRANSIT_BASE_UNIT_CANDIDATE,DETECTOR,LEGACY_CONVERSION_CANDIDATE,PENDING
140523,CRACKERBALL WARNA UNGU,PACK,PACK,250.0,250.0,SCM_LARGE_UNIT_TO_TRANSIT_BASE_UNIT_CANDIDATE,DETECTOR,LEGACY_CONVERSION_CANDIDATE,PENDING
140524,CRACKER BALL WARNA KUNING,PACK,PACK,250.0,250.0,SCM_LARGE_UNIT_TO_TRANSIT_BASE_UNIT_CANDIDATE,DETECTOR,LEGACY_CONVERSION_CANDIDATE,PENDING
140525,COKLAT FILLING FILOKU @4X5KG,KG,KG,20.0,20.0,SCM_LARGE_UNIT_TO_TRANSIT_BASE_UNIT_CANDIDATE,DETECTOR,"NAME_DERIVED_CANDIDATE,PACKAGE_STRUCTURE_UNCLEAR,LEGACY_CONVERSION_CANDIDATE",PENDING
140526,SELAI NASTAR,KG,KG,10.0,10.0,SCM_LARGE_UNIT_TO_TRANSIT_BASE_UNIT_CANDIDATE,DETECTOR,LEGACY_CONVERSION_CANDIDATE,PENDING
140527,COKLAT PASTA RIMBO,KG,KG,20000.0,20000.0,SCM_LARGE_UNIT_TO_TRANSIT_BASE_UNIT_CANDIDATE,DETECTOR,LEGACY_CONVERSION_CANDIDATE,PENDING
140528,PREMIX FILLING COKLAT RIMBO,KG,KG,1.0,1.0,NO_PACKAGING_LAYER,DETECTOR,LEGACY_CONVERSION_CANDIDATE,PENDING
140529,COKLAT STICK BELEPOTAN,KG,KG,1.0,1.0,NO_PACKAGING_LAYER,DETECTOR,LEGACY_CONVERSION_CANDIDATE,PENDING
140530,KUNAFA KERING,KG,KG,1.0,1.0,NO_PACKAGING_LAYER,DETECTOR,LEGACY_CONVERSION_CANDIDATE,PENDING
140531,PASTA PISTACHIO,KG,KG,1.0,1.0,NO_PACKAGING_LAYER,DETECTOR,LEGACY_CONVERSION_CANDIDATE,PENDING
140532,MARSHMELLOW,KG,KG,1.0,1.0,NO_PACKAGING_LAYER,DETECTOR,LEGACY_CONVERSION_CANDIDATE,PENDING
140533,MUTIARA PUTIH 4 MM,KG,KG,1.0,1.0,NO_PACKAGING_LAYER,DETECTOR,LEGACY_CONVERSION_CANDIDATE,PENDING
140534,MUTIARA EMAS 4 MM,KG,KG,1.0,1.0,NO_PACKAGING_LAYER,DETECTOR,LEGACY_CONVERSION_CANDIDATE,PENDING
140535,MUTIARA SILVER 6 MM,KG,KG,1.0,1.0,NO_PACKAGING_LAYER,DETECTOR,LEGACY_CONVERSION_CANDIDATE,PENDING
140536,MUTIARA EMAS 6 MM,KG,KG,1.0,1.0,NO_PACKAGING_LAYER,DETECTOR,LEGACY_CONVERSION_CANDIDATE,PENDING
140537,MUTIARA PUTIH 14 MM,KG,KG,1.0,1.0,NO_PACKAGING_LAYER,DETECTOR,LEGACY_CONVERSION_CANDIDATE,PENDING
140538,MUTIARA SILVER 14 MM,KG,KG,1.0,1.0,NO_PACKAGING_LAYER,DETECTOR,LEGACY_CONVERSION_CANDIDATE,PENDING
140539,MUTIARA PUTIH 8 MM,KG,KG,1.0,1.0,NO_PACKAGING_LAYER,BUSINESS_CONFIRMED,"LEGACY_CONVERSION_CANDIDATE,BUSINESS_CONFIRMED_OVERRIDE",APPROVED
140540,MUTIARA SILVER 8 MM,KG,KG,1.0,1.0,NO_PACKAGING_LAYER,DETECTOR,LEGACY_CONVERSION_CANDIDATE,PENDING
140541,CREAMFILL CLASSIC BANANA,KG,KG,1.0,1.0,NO_PACKAGING_LAYER,DETECTOR,"LEGACY_CONVERSION_CANDIDATE,PRICE_RATIO_SUPPORTS_CONVERSION,CONVERSION_CONFLICT",PENDING
140601,LEPATTA BLUEBERRY @1X10KG,KG,KG,10.0,10.0,SCM_LARGE_UNIT_TO_TRANSIT_BASE_UNIT_CANDIDATE,DETECTOR,"NAME_DERIVED_CANDIDATE,PACKAGE_STRUCTURE_UNCLEAR,LEGACY_CONVERSION_CANDIDATE",PENDING
140602,Lepatta Realfruit Durian @1X8Kg,KG,KG,8.0,8.0,SCM_LARGE_UNIT_TO_TRANSIT_BASE_UNIT_CANDIDATE,DETECTOR,"NAME_DERIVED_CANDIDATE,PACKAGE_STRUCTURE_UNCLEAR,LEGACY_CONVERSION_CANDIDATE",PENDING
140603,LEPATTA STRAWBERRY @1X10KG,KG,KG,10.0,10.0,SCM_LARGE_UNIT_TO_TRANSIT_BASE_UNIT_CANDIDATE,DETECTOR,"NAME_DERIVED_CANDIDATE,PACKAGE_STRUCTURE_UNCLEAR,LEGACY_CONVERSION_CANDIDATE",PENDING
140701,Prosferich  Vla Coklat @1X5Kg,KG,KG,5.0,5.0,SCM_LARGE_UNIT_TO_TRANSIT_BASE_UNIT_CANDIDATE,DETECTOR,"NAME_DERIVED_CANDIDATE,PACKAGE_STRUCTURE_UNCLEAR,LEGACY_CONVERSION_CANDIDATE",PENDING
140703,Prosferich Fruit Filling Blueberry @1X10Kg,KG,KG,10.0,10.0,SCM_LARGE_UNIT_TO_TRANSIT_BASE_UNIT_CANDIDATE,DETECTOR,"NAME_DERIVED_CANDIDATE,PACKAGE_STRUCTURE_UNCLEAR,LEGACY_CONVERSION_CANDIDATE",PENDING
140705,Prosferich Fruit Filling Strawberry @1X10Kg,KG,KG,10.0,10.0,SCM_LARGE_UNIT_TO_TRANSIT_BASE_UNIT_CANDIDATE,DETECTOR,"NAME_DERIVED_CANDIDATE,PACKAGE_STRUCTURE_UNCLEAR,LEGACY_CONVERSION_CANDIDATE",PENDING
140706,Chefmate Paste @4X5Kg,KG,KG,20.0,20.0,SCM_LARGE_UNIT_TO_TRANSIT_BASE_UNIT_CANDIDATE,DETECTOR,"NAME_DERIVED_CANDIDATE,PACKAGE_STRUCTURE_UNCLEAR,LEGACY_CONVERSION_CANDIDATE",PENDING
140707,CHEFMATE PASTE CHOCO CRUNCH 4X5 KG,KG,KG,20.0,20.0,SCM_LARGE_UNIT_TO_TRANSIT_BASE_UNIT_CANDIDATE,DETECTOR,LEGACY_CONVERSION_CANDIDATE,PENDING
140709,PROSFERICH DEPANNER @18 KG,KG,KG,18.0,18.0,SCM_LARGE_UNIT_TO_TRANSIT_BASE_UNIT_CANDIDATE,DETECTOR,"NAME_DERIVED_CANDIDATE,LEGACY_CONVERSION_CANDIDATE",PENDING
140710,GONDENFIL CHOCO CRUCH @1 KG,KG,KG,12.0,12.0,SCM_LARGE_UNIT_TO_TRANSIT_BASE_UNIT_CANDIDATE,DETECTOR,"NAME_DERIVED_CANDIDATE,LEGACY_CONVERSION_CANDIDATE,CONVERSION_CONFLICT",PENDING
140801,Selai Kacang Hijau Yuai,KG,KG,1.0,1.0,NO_PACKAGING_LAYER,DETECTOR,LEGACY_CONVERSION_CANDIDATE,PENDING
140802,Selai Kacang Merah Yuai,KG,KG,1.0,1.0,NO_PACKAGING_LAYER,DETECTOR,LEGACY_CONVERSION_CANDIDATE,PENDING
140803,Sheet Ctd Chocolate,KG,KG,6.0,6.0,SCM_LARGE_UNIT_TO_TRANSIT_BASE_UNIT_CANDIDATE,DETECTOR,LEGACY_CONVERSION_CANDIDATE,PENDING
140804,Sonton Vla Coklat,KG,KG,6.0,6.0,SCM_LARGE_UNIT_TO_TRANSIT_BASE_UNIT_CANDIDATE,DETECTOR,LEGACY_CONVERSION_CANDIDATE,PENDING
140805,Bun Falling - Red Bean @1Kg,PCS,PCS,1.0,1.0,NO_PACKAGING_LAYER,DETECTOR,"NAME_DERIVED_CANDIDATE,LEGACY_CONVERSION_CANDIDATE",PENDING
140806,Bun Falling - Pandan @1Kg,PCS,PCS,1.0,1.0,NO_PACKAGING_LAYER,DETECTOR,"NAME_DERIVED_CANDIDATE,LEGACY_CONVERSION_CANDIDATE",PENDING
140807,Selai Kacang Tanah,KG,KG,1.0,1.0,NO_PACKAGING_LAYER,DETECTOR,LEGACY_CONVERSION_CANDIDATE,PENDING
140808,Kacang cincang @1kg x 10,KG,KG,10.0,10.0,SCM_LARGE_UNIT_TO_TRANSIT_BASE_UNIT_CANDIDATE,DETECTOR,"NAME_DERIVED_CANDIDATE,LEGACY_CONVERSION_CANDIDATE,CONVERSION_CONFLICT",PENDING
140901,Vla Cheedar Cheese,KG,KG,6.0,6.0,SCM_LARGE_UNIT_TO_TRANSIT_BASE_UNIT_CANDIDATE,DETECTOR,LEGACY_CONVERSION_CANDIDATE,PENDING
150101,Bawang Daun,KG,KG,1.0,1.0,NO_PACKAGING_LAYER,DETECTOR,LEGACY_CONVERSION_CANDIDATE,PENDING
150102,Bawang Bombay,KG,KG,1.0,1.0,NO_PACKAGING_LAYER,DETECTOR,LEGACY_CONVERSION_CANDIDATE,PENDING
150103,Paprika Merah,KG,KG,1.0,1.0,NO_PACKAGING_LAYER,DETECTOR,LEGACY_CONVERSION_CANDIDATE,PENDING
150104,Paprika Hijau,KG,KG,1.0,1.0,NO_PACKAGING_LAYER,DETECTOR,LEGACY_CONVERSION_CANDIDATE,PENDING
150105,Oregano,KG,KG,1.0,1.0,NO_PACKAGING_LAYER,DETECTOR,LEGACY_CONVERSION_CANDIDATE,PENDING
150107,LOBAK,GR,GR,1000.0,1000.0,SCM_LARGE_UNIT_TO_TRANSIT_BASE_UNIT_CANDIDATE,DETECTOR,LEGACY_CONVERSION_CANDIDATE,PENDING
150108,BAWANG PUTIH @ 1 KG,GR,GR,1000.0,1000.0,SCM_LARGE_UNIT_TO_TRANSIT_BASE_UNIT_CANDIDATE,DETECTOR,"NAME_DERIVED_CANDIDATE,LEGACY_CONVERSION_CANDIDATE,CONVERSION_CONFLICT",PENDING
150109,WORTEL @ 1 KG,KG,KG,1.0,1.0,NO_PACKAGING_LAYER,DETECTOR,"NAME_DERIVED_CANDIDATE,LEGACY_CONVERSION_CANDIDATE",PENDING
150111,PALA BUBUK @ 65 GR,GR,GR,65.0,65.0,SCM_LARGE_UNIT_TO_TRANSIT_BASE_UNIT_CANDIDATE,DETECTOR,"NAME_DERIVED_CANDIDATE,LEGACY_CONVERSION_CANDIDATE",PENDING
150113,DAUN SALAM,GR,GR,100.0,100.0,SCM_LARGE_UNIT_TO_TRANSIT_BASE_UNIT_CANDIDATE,DETECTOR,LEGACY_CONVERSION_CANDIDATE,PENDING
150116,BIHUN,GR,GR,320.0,320.0,SCM_LARGE_UNIT_TO_TRANSIT_BASE_UNIT_CANDIDATE,DETECTOR,"LEGACY_CONVERSION_CANDIDATE,MOVEMENT_RECONCILIATION_REVIEW",PENDING
150117,KEMIRI,GR,GR,1000.0,1000.0,SCM_LARGE_UNIT_TO_TRANSIT_BASE_UNIT_CANDIDATE,DETECTOR,LEGACY_CONVERSION_CANDIDATE,PENDING
150121,BAWANG MERAH @ 1 KG,GR,GR,1000.0,1000.0,SCM_LARGE_UNIT_TO_TRANSIT_BASE_UNIT_CANDIDATE,DETECTOR,"NAME_DERIVED_CANDIDATE,LEGACY_CONVERSION_CANDIDATE,CONVERSION_CONFLICT",PENDING
150122,CABE RAWIT,GR,GR,1.0,1.0,NO_PACKAGING_LAYER,DETECTOR,LEGACY_CONVERSION_CANDIDATE,PENDING
150123,KENTANG,GR,GR,1.0,1.0,NO_PACKAGING_LAYER,DETECTOR,LEGACY_CONVERSION_CANDIDATE,PENDING
150124,DAUN PISANG,GR,GR,1.0,1.0,NO_PACKAGING_LAYER,DETECTOR,LEGACY_CONVERSION_CANDIDATE,PENDING
200101,Baking Powder Xenada @1X25Kg,KG,KG,25.0,25.0,SCM_LARGE_UNIT_TO_TRANSIT_BASE_UNIT_CANDIDATE,DETECTOR,"NAME_DERIVED_CANDIDATE,PACKAGE_STRUCTURE_UNCLEAR,LEGACY_CONVERSION_CANDIDATE",PENDING
200102,Calsium @20Kg,KG,KG,20.0,20.0,SCM_LARGE_UNIT_TO_TRANSIT_BASE_UNIT_CANDIDATE,DETECTOR,"NAME_DERIVED_CANDIDATE,LEGACY_CONVERSION_CANDIDATE",PENDING
200103,Perfait Crumb Softener @1X4Kg,KG,KG,4.0,4.0,SCM_LARGE_UNIT_TO_TRANSIT_BASE_UNIT_CANDIDATE,DETECTOR,"NAME_DERIVED_CANDIDATE,PACKAGE_STRUCTURE_UNCLEAR,LEGACY_CONVERSION_CANDIDATE",PENDING
200104,Perfait Super Soft @10X500Gr,KG,KG,5.0,5.0,SCM_LARGE_UNIT_TO_TRANSIT_BASE_UNIT_CANDIDATE,DETECTOR,"NAME_DERIVED_CANDIDATE,PACKAGE_STRUCTURE_UNCLEAR,LEGACY_CONVERSION_CANDIDATE",PENDING
200105,Pinnacle-Ragi Basah 20X500 Gr,KG,KG,10.0,10.0,SCM_LARGE_UNIT_TO_TRANSIT_BASE_UNIT_CANDIDATE,DETECTOR,LEGACY_CONVERSION_CANDIDATE,PENDING
200106,Potasium Sorbat @25Kg,KG,KG,25.0,25.0,SCM_LARGE_UNIT_TO_TRANSIT_BASE_UNIT_CANDIDATE,DETECTOR,"NAME_DERIVED_CANDIDATE,LEGACY_CONVERSION_CANDIDATE",PENDING
200108,SODA KUE,PCS,PCS,6.0,6.0,SCM_LARGE_UNIT_TO_TRANSIT_BASE_UNIT_CANDIDATE,DETECTOR,LEGACY_CONVERSION_CANDIDATE,PENDING
200109,Spontan 88 @1X20Kg,KG,KG,20.0,20.0,SCM_LARGE_UNIT_TO_TRANSIT_BASE_UNIT_CANDIDATE,DETECTOR,"NAME_DERIVED_CANDIDATE,PACKAGE_STRUCTURE_UNCLEAR,LEGACY_CONVERSION_CANDIDATE",PENDING
200110,Spontan Cake Softener (Wysman) @1X25Kg,KG,KG,25.0,25.0,SCM_LARGE_UNIT_TO_TRANSIT_BASE_UNIT_CANDIDATE,DETECTOR,"NAME_DERIVED_CANDIDATE,PACKAGE_STRUCTURE_UNCLEAR,LEGACY_CONVERSION_CANDIDATE",PENDING
200111,Vanili Crystal,PCS,PCS,144.0,144.0,SCM_LARGE_UNIT_TO_TRANSIT_BASE_UNIT_CANDIDATE,DETECTOR,LEGACY_CONVERSION_CANDIDATE,PENDING
200113,Acta Classic @1X10 Kg,KG,KG,10.0,10.0,SCM_LARGE_UNIT_TO_TRANSIT_BASE_UNIT_CANDIDATE,DETECTOR,"NAME_DERIVED_CANDIDATE,PACKAGE_STRUCTURE_UNCLEAR,LEGACY_CONVERSION_CANDIDATE",PENDING
200114,Instant Success Gold @20X500 Gram,PCS,PCS,20.0,20.0,SCM_LARGE_UNIT_TO_TRANSIT_BASE_UNIT_CANDIDATE,DETECTOR,"NAME_DERIVED_CANDIDATE,PACKAGE_STRUCTURE_UNCLEAR,LEGACY_CONVERSION_CANDIDATE",PENDING
200115,HIRA MANNA SP 20KG,KG,KG,20.0,20.0,SCM_LARGE_UNIT_TO_TRANSIT_BASE_UNIT_CANDIDATE,DETECTOR,LEGACY_CONVERSION_CANDIDATE,PENDING
200116,Gloripan Instant Yeast @20X500Gr,PCS,PCS,20.0,20.0,SCM_LARGE_UNIT_TO_TRANSIT_BASE_UNIT_CANDIDATE,DETECTOR,"NAME_DERIVED_CANDIDATE,PACKAGE_STRUCTURE_UNCLEAR,LEGACY_CONVERSION_CANDIDATE",PENDING
200118,Mauripan 20X500Gr,PCS,PCS,20.0,20.0,SCM_LARGE_UNIT_TO_TRANSIT_BASE_UNIT_CANDIDATE,DETECTOR,LEGACY_CONVERSION_CANDIDATE,PENDING
200119,Soda Kue Malan @25Kg,KG,KG,25.0,25.0,SCM_LARGE_UNIT_TO_TRANSIT_BASE_UNIT_CANDIDATE,DETECTOR,"NAME_DERIVED_CANDIDATE,LEGACY_CONVERSION_CANDIDATE",PENDING
200120,VANILA CREAM POWDER 1KG,KG,KG,1.0,1.0,NO_PACKAGING_LAYER,DETECTOR,LEGACY_CONVERSION_CANDIDATE,PENDING
200121,INNOVA SOFT @20KG,KG,KG,20.0,20.0,SCM_LARGE_UNIT_TO_TRANSIT_BASE_UNIT_CANDIDATE,DETECTOR,"NAME_DERIVED_CANDIDATE,LEGACY_CONVERSION_CANDIDATE",PENDING
200122,EKL,KG,KG,20.0,20.0,SCM_LARGE_UNIT_TO_TRANSIT_BASE_UNIT_CANDIDATE,DETECTOR,LEGACY_CONVERSION_CANDIDATE,PENDING
200123,Cream of tar-tar,PCS,PCS,1.0,1.0,NO_PACKAGING_LAYER,DETECTOR,LEGACY_CONVERSION_CANDIDATE,PENDING
200124,SO BAGUS TB 20KG,KG,KG,20.0,20.0,SCM_LARGE_UNIT_TO_TRANSIT_BASE_UNIT_CANDIDATE,DETECTOR,LEGACY_CONVERSION_CANDIDATE,PENDING
200125,PANNA SORBITOL @ 1 X 20KG,KG,KG,20.0,20.0,SCM_LARGE_UNIT_TO_TRANSIT_BASE_UNIT_CANDIDATE,DETECTOR,"NAME_DERIVED_CANDIDATE,PACKAGE_STRUCTURE_UNCLEAR,LEGACY_CONVERSION_CANDIDATE",PENDING
200126,CALSIUM PROPIONATE NIACET @1X25KG,KG,KG,25.0,25.0,SCM_LARGE_UNIT_TO_TRANSIT_BASE_UNIT_CANDIDATE,DETECTOR,"NAME_DERIVED_CANDIDATE,PACKAGE_STRUCTURE_UNCLEAR,LEGACY_CONVERSION_CANDIDATE",PENDING
200127,MALIMA PLUS 88 @ 2X5 KG,KG,KG,10.0,10.0,SCM_LARGE_UNIT_TO_TRANSIT_BASE_UNIT_CANDIDATE,DETECTOR,"NAME_DERIVED_CANDIDATE,PACKAGE_STRUCTURE_UNCLEAR,LEGACY_CONVERSION_CANDIDATE",PENDING
200128,IF 100 @20X500 GR,KG,KG,10.0,10.0,SCM_LARGE_UNIT_TO_TRANSIT_BASE_UNIT_CANDIDATE,DETECTOR,"NAME_DERIVED_CANDIDATE,PACKAGE_STRUCTURE_UNCLEAR,LEGACY_CONVERSION_CANDIDATE",PENDING
200129,PREMIX BAKING POWDER,KG,KG,1.0,1.0,NO_PACKAGING_LAYER,DETECTOR,LEGACY_CONVERSION_CANDIDATE,PENDING
200130,RAGI MAGEST 20x500 gr,PCS,PCS,1.0,1.0,NO_PACKAGING_LAYER,DETECTOR,LEGACY_CONVERSION_CANDIDATE,PENDING
200131,BAKERIN PLUS 20X500 GR,KG,KG,10.0,10.0,SCM_LARGE_UNIT_TO_TRANSIT_BASE_UNIT_CANDIDATE,DETECTOR,LEGACY_CONVERSION_CANDIDATE,PENDING
200132,CMC @43 GR,PCS,PCS,6.0,6.0,SCM_LARGE_UNIT_TO_TRANSIT_BASE_UNIT_CANDIDATE,DETECTOR,"NAME_DERIVED_CANDIDATE,LEGACY_CONVERSION_CANDIDATE,CONVERSION_CONFLICT",PENDING
201000,Air Mineral 200 ml,PCS,PCS,9600.0,9600.0,SCM_LARGE_UNIT_TO_TRANSIT_BASE_UNIT_CANDIDATE,DETECTOR,LEGACY_CONVERSION_CANDIDATE,PENDING
201001,ES BATU,PCS,PCS,1.0,1.0,NO_PACKAGING_LAYER,DETECTOR,LEGACY_CONVERSION_CANDIDATE,PENDING
201003,TEH BOTOL SOSRO 200ML,PCS,PCS,1.0,1.0,NO_PACKAGING_LAYER,DETECTOR,LEGACY_CONVERSION_CANDIDATE,PENDING
201004,AIR MINERAL 220 ML,PCS,PCS,24.0,24.0,SCM_LARGE_UNIT_TO_TRANSIT_BASE_UNIT_CANDIDATE,DETECTOR,LEGACY_CONVERSION_CANDIDATE,PENDING
201005,AIR MINERAL 330 ML,PCS,PCS,330.0,330.0,SCM_LARGE_UNIT_TO_TRANSIT_BASE_UNIT_CANDIDATE,DETECTOR,LEGACY_CONVERSION_CANDIDATE,PENDING
222101,Alas Bulat Emas Kecil,PCS,PCS,100.0,100.0,SCM_LARGE_UNIT_TO_TRANSIT_BASE_UNIT_CANDIDATE,DETECTOR,LEGACY_CONVERSION_CANDIDATE,PENDING
222102,Cake Buttom Persegi Panjang,PCS,PCS,10.0,10.0,SCM_LARGE_UNIT_TO_TRANSIT_BASE_UNIT_CANDIDATE,DETECTOR,LEGACY_CONVERSION_CANDIDATE,PENDING
222103,ALAS KOTAK EMAS KECIL,PCS,PCS,100.0,100.0,SCM_LARGE_UNIT_TO_TRANSIT_BASE_UNIT_CANDIDATE,DETECTOR,LEGACY_CONVERSION_CANDIDATE,PENDING
222201,Tatakan 22X22 Bulat,PCS,PCS,12.0,12.0,SCM_LARGE_UNIT_TO_TRANSIT_BASE_UNIT_CANDIDATE,DETECTOR,LEGACY_CONVERSION_CANDIDATE,PENDING
222202,Tatakan 22X22 Kotak,PCS,PCS,12.0,12.0,SCM_LARGE_UNIT_TO_TRANSIT_BASE_UNIT_CANDIDATE,DETECTOR,LEGACY_CONVERSION_CANDIDATE,PENDING
222203,Tatakan 28X28 Bulat,PCS,PCS,12.0,12.0,SCM_LARGE_UNIT_TO_TRANSIT_BASE_UNIT_CANDIDATE,DETECTOR,LEGACY_CONVERSION_CANDIDATE,PENDING
222204,Tatakan 28X28 Kotak,PCS,PCS,12.0,12.0,SCM_LARGE_UNIT_TO_TRANSIT_BASE_UNIT_CANDIDATE,DETECTOR,LEGACY_CONVERSION_CANDIDATE,PENDING
222208,TATAKAN COKLAT KOTAK 22X22,PCS,PCS,1.0,1.0,NO_PACKAGING_LAYER,DETECTOR,LEGACY_CONVERSION_CANDIDATE,PENDING
222210,Tatakan Acrylic 26x38,PCS,PCS,1.0,1.0,NO_PACKAGING_LAYER,DETECTOR,LEGACY_CONVERSION_CANDIDATE,PENDING
222211,Cetakan Silicon segiempat 3x3,PCS,PCS,1.0,1.0,NO_PACKAGING_LAYER,DETECTOR,LEGACY_CONVERSION_CANDIDATE,PENDING
222213,TATAKAN AMOR 22X22 KOTAK,PCS,PCS,100.0,100.0,SCM_LARGE_UNIT_TO_TRANSIT_BASE_UNIT_CANDIDATE,DETECTOR,LEGACY_CONVERSION_CANDIDATE,PENDING
222215,TATAKAN 30X30 KOTAK,PCS,PCS,1.0,1.0,NO_PACKAGING_LAYER,DETECTOR,LEGACY_CONVERSION_CANDIDATE,PENDING
222216,TATAKAN 35x35 KOTAK,PCS,PCS,1.0,1.0,NO_PACKAGING_LAYER,DETECTOR,LEGACY_CONVERSION_CANDIDATE,PENDING
222217,ALAS KOTAK 10X10,PCS,PCS,1.0,1.0,NO_PACKAGING_LAYER,DETECTOR,LEGACY_CONVERSION_CANDIDATE,PENDING
222218,DOILIES PAPER,PCS,PCS,1.0,1.0,NO_PACKAGING_LAYER,DETECTOR,LEGACY_CONVERSION_CANDIDATE,PENDING
222219,TATAKAN 40X40 KOTAK,PCS,PCS,1.0,1.0,NO_PACKAGING_LAYER,DETECTOR,LEGACY_CONVERSION_CANDIDATE,PENDING
300101,Anchor Cream Cheese @12X1Kg,KG,KG,12.0,12.0,SCM_LARGE_UNIT_TO_TRANSIT_BASE_UNIT_CANDIDATE,DETECTOR,"NAME_DERIVED_CANDIDATE,PACKAGE_STRUCTURE_UNCLEAR,LEGACY_CONVERSION_CANDIDATE",PENDING
300104,Emborg Natural Cream Cheese 2 X 1.5Kg,KG,KG,3.0,3.0,SCM_LARGE_UNIT_TO_TRANSIT_BASE_UNIT_CANDIDATE,DETECTOR,LEGACY_CONVERSION_CANDIDATE,PENDING
300105,Chessy Natural Cream Cheese @2Kg,KG,KG,2.0,2.0,SCM_LARGE_UNIT_TO_TRANSIT_BASE_UNIT_CANDIDATE,DETECTOR,"NAME_DERIVED_CANDIDATE,LEGACY_CONVERSION_CANDIDATE",PENDING
300106,Chessy Process Cream Cheese @1.9Kg,KG,KG,1.9,1.9,SCM_LARGE_UNIT_TO_TRANSIT_BASE_UNIT_CANDIDATE,DETECTOR,"NAME_DERIVED_CANDIDATE,LEGACY_CONVERSION_CANDIDATE",PENDING
300204,Iqf Shredded Mozarella @1X12Kg,KG,KG,12.0,12.0,SCM_LARGE_UNIT_TO_TRANSIT_BASE_UNIT_CANDIDATE,DETECTOR,"NAME_DERIVED_CANDIDATE,PACKAGE_STRUCTURE_UNCLEAR,LEGACY_CONVERSION_CANDIDATE",PENDING
300205,Iqf Shredded Mozarella @1X12Kg Bonus,KG,KG,12.0,12.0,SCM_LARGE_UNIT_TO_TRANSIT_BASE_UNIT_CANDIDATE,DETECTOR,"NAME_DERIVED_CANDIDATE,PACKAGE_STRUCTURE_UNCLEAR,LEGACY_CONVERSION_CANDIDATE",PENDING
300206,Durian Medan Grade A,KG,KG,1.0,1.0,NO_PACKAGING_LAYER,DETECTOR,LEGACY_CONVERSION_CANDIDATE,PENDING
300207,Yona Beef Patties 500Gr,GR,GR,500.0,500.0,SCM_LARGE_UNIT_TO_TRANSIT_BASE_UNIT_CANDIDATE,DETECTOR,LEGACY_CONVERSION_CANDIDATE,PENDING
300208,Alba Shredded Mozarella 6X2 Kg,KG,KG,12.0,12.0,SCM_LARGE_UNIT_TO_TRANSIT_BASE_UNIT_CANDIDATE,DETECTOR,LEGACY_CONVERSION_CANDIDATE,PENDING
300209,Madusari Sosis @25X1000Gr,KG,KG,1.0,1.0,NO_PACKAGING_LAYER,DETECTOR,"NAME_DERIVED_CANDIDATE,PACKAGE_STRUCTURE_UNCLEAR,LEGACY_CONVERSION_CANDIDATE",PENDING
300210,MADUSARI SMOKED BEEF,KG,KG,1.0,1.0,NO_PACKAGING_LAYER,DETECTOR,LEGACY_CONVERSION_CANDIDATE,PENDING
300211,Mozzarella Shredded Maestrella @2.5Kg,KG,KG,2.5,2.5,SCM_LARGE_UNIT_TO_TRANSIT_BASE_UNIT_CANDIDATE,DETECTOR,"NAME_DERIVED_CANDIDATE,LEGACY_CONVERSION_CANDIDATE",PENDING
300212,MADUSARI BEEF PATTIES (SAMPLE),PCS,PCS,1.0,1.0,NO_PACKAGING_LAYER,DETECTOR,LEGACY_CONVERSION_CANDIDATE,PENDING
300213,MADUSARI BEEF BURGER (SAMPLE),PCS,PCS,10.0,10.0,SCM_LARGE_UNIT_TO_TRANSIT_BASE_UNIT_CANDIDATE,DETECTOR,LEGACY_CONVERSION_CANDIDATE,PENDING
300214,MADUSARI SOSIS (SAMPLE),KG,KG,1.0,1.0,NO_PACKAGING_LAYER,DETECTOR,LEGACY_CONVERSION_CANDIDATE,PENDING
300215,COOKING CREAM ANCHOR @ 1 LITER,ML,ML,1000.0,1000.0,SCM_LARGE_UNIT_TO_TRANSIT_BASE_UNIT_CANDIDATE,DETECTOR,"NAME_DERIVED_CANDIDATE,LEGACY_CONVERSION_CANDIDATE,CONVERSION_CONFLICT",PENDING
300216,SOSIS AYAM @1 KG,GR,GR,1000.0,1000.0,SCM_LARGE_UNIT_TO_TRANSIT_BASE_UNIT_CANDIDATE,DETECTOR,"NAME_DERIVED_CANDIDATE,LEGACY_CONVERSION_CANDIDATE,CONVERSION_CONFLICT",PENDING
300217,SOSIS SAPI MAWAR @ 500 GR,GR,GR,500.0,500.0,SCM_LARGE_UNIT_TO_TRANSIT_BASE_UNIT_CANDIDATE,DETECTOR,"NAME_DERIVED_CANDIDATE,LEGACY_CONVERSION_CANDIDATE",PENDING
300302,Rich Whip Topping Chocolate.,PCS,PCS,1.0,1.0,NO_PACKAGING_LAYER,DETECTOR,LEGACY_CONVERSION_CANDIDATE,PENDING
300303,Rich Whip Topping Gold Label,PCS,PCS,1.0,1.0,NO_PACKAGING_LAYER,DETECTOR,LEGACY_CONVERSION_CANDIDATE,PENDING
300306,Pleasure Gold Mly @12X1 Lt,PCS,PCS,1.0,1.0,NO_PACKAGING_LAYER,DETECTOR,"NAME_DERIVED_CANDIDATE,PACKAGE_STRUCTURE_UNCLEAR,LEGACY_CONVERSION_CANDIDATE",PENDING
300401,Sunbell Tuna (Chunk In Oil) @48Pcs,PCS,PCS,48.0,48.0,SCM_LARGE_UNIT_TO_TRANSIT_BASE_UNIT_CANDIDATE,DETECTOR,"NAME_DERIVED_CANDIDATE,LEGACY_CONVERSION_CANDIDATE",PENDING
300403,TRANS WHIPPING CREAM - GOLD,KG,KG,12.0,12.0,SCM_LARGE_UNIT_TO_TRANSIT_BASE_UNIT_CANDIDATE,DETECTOR,LEGACY_CONVERSION_CANDIDATE,PENDING
300404,TRANS WHIPPING CREAM - SILVER,KG,KG,12.0,12.0,SCM_LARGE_UNIT_TO_TRANSIT_BASE_UNIT_CANDIDATE,DETECTOR,LEGACY_CONVERSION_CANDIDATE,PENDING
300405,BAKE WALL WHIPPING CREAM (BLUE),PCS,PCS,1.0,1.0,NO_PACKAGING_LAYER,DETECTOR,LEGACY_CONVERSION_CANDIDATE,PENDING
333101,Cover Dessert Blueberry,PCS,PCS,1.0,1.0,NO_PACKAGING_LAYER,DETECTOR,LEGACY_CONVERSION_CANDIDATE,PENDING
333102,Cover Dessert Chocolate,PCS,PCS,1.0,1.0,NO_PACKAGING_LAYER,DETECTOR,LEGACY_CONVERSION_CANDIDATE,PENDING
333103,Cover Dessert Mango,PCS,PCS,1.0,1.0,NO_PACKAGING_LAYER,DETECTOR,LEGACY_CONVERSION_CANDIDATE,PENDING
333104,COVER HAMPERS,PCS,PCS,1.0,1.0,NO_PACKAGING_LAYER,DETECTOR,LEGACY_CONVERSION_CANDIDATE,PENDING
333105,COVER DESSERT PANACOTA,PCS,PCS,1.0,1.0,NO_PACKAGING_LAYER,DETECTOR,LEGACY_CONVERSION_CANDIDATE,PENDING
333201,Kertas Roti 12X25 @2000 Spesial,PCS,PCS,1.0,1.0,NO_PACKAGING_LAYER,DETECTOR,"NAME_DERIVED_CANDIDATE,LEGACY_CONVERSION_CANDIDATE,CONVERSION_CONFLICT",PENDING
333202,Kertas Roti 20X20 @2000 Ori Kecil,PCS,PCS,1.0,1.0,NO_PACKAGING_LAYER,DETECTOR,"NAME_DERIVED_CANDIDATE,LEGACY_CONVERSION_CANDIDATE,CONVERSION_CONFLICT",PENDING
333203,Kertas Roti 23X23 @2000 Ori Besar,PCS,PCS,1.0,1.0,NO_PACKAGING_LAYER,DETECTOR,"NAME_DERIVED_CANDIDATE,LEGACY_CONVERSION_CANDIDATE,CONVERSION_CONFLICT",PENDING
333204,Kertas Roti 23X33 @2000 Talas,PCS,PCS,1.0,1.0,NO_PACKAGING_LAYER,DETECTOR,"NAME_DERIVED_CANDIDATE,LEGACY_CONVERSION_CANDIDATE,CONVERSION_CONFLICT",PENDING
333205,Kertas Roti Buram,PCS,PCS,500.0,500.0,SCM_LARGE_UNIT_TO_TRANSIT_BASE_UNIT_CANDIDATE,DETECTOR,LEGACY_CONVERSION_CANDIDATE,PENDING
333206,Kertas nasi,PACK,PACK,1.0,1.0,NO_PACKAGING_LAYER,DETECTOR,LEGACY_CONVERSION_CANDIDATE,PENDING
333208,kertas roti bento cake 15x15,PCS,PCS,1.0,1.0,NO_PACKAGING_LAYER,DETECTOR,LEGACY_CONVERSION_CANDIDATE,PENDING
333209,KERTAS ROTI DIAMETER 17,PCS,PCS,1.0,1.0,NO_PACKAGING_LAYER,DETECTOR,LEGACY_CONVERSION_CANDIDATE,PENDING
333210,KERTAS ROTI DIAMETER 13,PCS,PCS,1.0,1.0,NO_PACKAGING_LAYER,DETECTOR,LEGACY_CONVERSION_CANDIDATE,PENDING
333211,BAKING PAPER 40X60 CM @500 SHEET,PCS,PCS,500.0,500.0,SCM_LARGE_UNIT_TO_TRANSIT_BASE_UNIT_CANDIDATE,DETECTOR,"NAME_DERIVED_CANDIDATE,LEGACY_CONVERSION_CANDIDATE",PENDING
333212,STICKER COOKIES TUTUP TOPLES,PCS,PCS,1.0,1.0,NO_PACKAGING_LAYER,DETECTOR,LEGACY_CONVERSION_CANDIDATE,PENDING
333213,SOLATIF,PCS,PCS,1.0,1.0,NO_PACKAGING_LAYER,DETECTOR,LEGACY_CONVERSION_CANDIDATE,PENDING
333214,STICKER COOKIES RASA,PCS,PCS,1.0,1.0,NO_PACKAGING_LAYER,DETECTOR,LEGACY_CONVERSION_CANDIDATE,PENDING
333215,STICKER COOKIES HAMPERS,PCS,PCS,1.0,1.0,NO_PACKAGING_LAYER,DETECTOR,LEGACY_CONVERSION_CANDIDATE,PENDING
333216,BUBBLE WRAP,PCS,PCS,1.0,1.0,NO_PACKAGING_LAYER,DETECTOR,LEGACY_CONVERSION_CANDIDATE,PENDING
333217,SOLATIF BESAR,PCS,PCS,1.0,1.0,NO_PACKAGING_LAYER,DETECTOR,LEGACY_CONVERSION_CANDIDATE,PENDING
333218,SOLATIF MERAH,PCS,PCS,1.0,1.0,NO_PACKAGING_LAYER,DETECTOR,LEGACY_CONVERSION_CANDIDATE,PENDING
333220,KERTAS ROTI 12X22,PCS,PCS,1.0,1.0,NO_PACKAGING_LAYER,DETECTOR,LEGACY_CONVERSION_CANDIDATE,PENDING
333221,KERTAS ROTI 22X22,PCS,PCS,1.0,1.0,NO_PACKAGING_LAYER,DETECTOR,LEGACY_CONVERSION_CANDIDATE,PENDING
333301,Label Mochi Blueberry @1X500Pcs,PCS,PCS,1.0,1.0,NO_PACKAGING_LAYER,DETECTOR,"NAME_DERIVED_CANDIDATE,PACKAGE_STRUCTURE_UNCLEAR,LEGACY_CONVERSION_CANDIDATE",PENDING
333302,Label Mochi Coklat @1X500Pcs,PCS,PCS,1.0,1.0,NO_PACKAGING_LAYER,DETECTOR,"NAME_DERIVED_CANDIDATE,PACKAGE_STRUCTURE_UNCLEAR,LEGACY_CONVERSION_CANDIDATE",PENDING
333303,Label Mochi Durian @1X500Pcs,PCS,PCS,1.0,1.0,NO_PACKAGING_LAYER,DETECTOR,"NAME_DERIVED_CANDIDATE,PACKAGE_STRUCTURE_UNCLEAR,LEGACY_CONVERSION_CANDIDATE",PENDING
333304,Label Mochi Mocca @1X500Pcs,PCS,PCS,1.0,1.0,NO_PACKAGING_LAYER,DETECTOR,"NAME_DERIVED_CANDIDATE,PACKAGE_STRUCTURE_UNCLEAR,LEGACY_CONVERSION_CANDIDATE",PENDING
333305,Label Mochi Pandan Suji @1X500Pcs,PCS,PCS,1.0,1.0,NO_PACKAGING_LAYER,DETECTOR,"NAME_DERIVED_CANDIDATE,PACKAGE_STRUCTURE_UNCLEAR,LEGACY_CONVERSION_CANDIDATE",PENDING
333306,Label Mochi Strawberry @1X500Pcs,PCS,PCS,1.0,1.0,NO_PACKAGING_LAYER,DETECTOR,"NAME_DERIVED_CANDIDATE,PACKAGE_STRUCTURE_UNCLEAR,LEGACY_CONVERSION_CANDIDATE",PENDING
333401,Paper Case 3017 Bulat @200,PCS,PCS,1.0,1.0,NO_PACKAGING_LAYER,DETECTOR,LEGACY_CONVERSION_CANDIDATE,PENDING
333402,Paper Case 3018 (Oval) @200,PCS,PCS,1.0,1.0,NO_PACKAGING_LAYER,DETECTOR,LEGACY_CONVERSION_CANDIDATE,PENDING
333403,Paperbag For France,PCS,PCS,1.0,1.0,NO_PACKAGING_LAYER,DETECTOR,LEGACY_CONVERSION_CANDIDATE,PENDING
333404,Papercase 3051 Dark Green (Muffin)@50 Pak,PCS,PCS,1.0,1.0,NO_PACKAGING_LAYER,DETECTOR,"NAME_DERIVED_CANDIDATE,LEGACY_CONVERSION_CANDIDATE,CONVERSION_CONFLICT",PENDING
333405,Papercase 3312 Hexa-N18 (Moulten) @100,PCS,PCS,1.0,1.0,NO_PACKAGING_LAYER,DETECTOR,LEGACY_CONVERSION_CANDIDATE,PENDING
333406,Paper Case - 3029 (G1) Bulat,PCS,PCS,1.0,1.0,NO_PACKAGING_LAYER,DETECTOR,LEGACY_CONVERSION_CANDIDATE,PENDING
333407,Cup bento cake,PCS,PCS,1.0,1.0,NO_PACKAGING_LAYER,DETECTOR,LEGACY_CONVERSION_CANDIDATE,PENDING
333409,KERTAS EDIBLE A4,PCS,PCS,100.0,100.0,SCM_LARGE_UNIT_TO_TRANSIT_BASE_UNIT_CANDIDATE,DETECTOR,LEGACY_CONVERSION_CANDIDATE,PENDING
333410,CAKE CASE,PCS,PCS,1000.0,1000.0,SCM_LARGE_UNIT_TO_TRANSIT_BASE_UNIT_CANDIDATE,DETECTOR,LEGACY_CONVERSION_CANDIDATE,PENDING
333411,KERTAS FOTO A4,PACK,PACK,20.0,20.0,SCM_LARGE_UNIT_TO_TRANSIT_BASE_UNIT_CANDIDATE,DETECTOR,LEGACY_CONVERSION_CANDIDATE,PENDING
333501,Shoping Bag Mochi Spesial,PCS,PCS,1.0,1.0,NO_PACKAGING_LAYER,DETECTOR,LEGACY_CONVERSION_CANDIDATE,PENDING
333502,Sticker Bolu Amor Oval @43Pcs,PCS,PCS,1.0,1.0,NO_PACKAGING_LAYER,DETECTOR,"NAME_DERIVED_CANDIDATE,LEGACY_CONVERSION_CANDIDATE,CONVERSION_CONFLICT",PENDING
333503,Sticker Bunga Bolu Amor,PCS,PCS,1.0,1.0,NO_PACKAGING_LAYER,DETECTOR,LEGACY_CONVERSION_CANDIDATE,PENDING
333504,Sticker Nayla @1Pcs,PCS,PCS,1.0,1.0,NO_PACKAGING_LAYER,DETECTOR,"NAME_DERIVED_CANDIDATE,LEGACY_CONVERSION_CANDIDATE",PENDING
333505,Sticker Roti Bolu Amor Kecil,PCS,PCS,1.0,1.0,NO_PACKAGING_LAYER,DETECTOR,LEGACY_CONVERSION_CANDIDATE,PENDING
333506,STICKER PUDING ITALIA SAUS ORIGINAL,PCS,PCS,1.0,1.0,NO_PACKAGING_LAYER,DETECTOR,LEGACY_CONVERSION_CANDIDATE,PENDING
333507,STICKER PUDING ITALIA SAUS ALPENLIEBE,PCS,PCS,1.0,1.0,NO_PACKAGING_LAYER,DETECTOR,LEGACY_CONVERSION_CANDIDATE,PENDING
333508,STICKER PUDING ITALIA SAUS SAWADIKAP,PCS,PCS,1.0,1.0,NO_PACKAGING_LAYER,DETECTOR,LEGACY_CONVERSION_CANDIDATE,PENDING
333509,STICKER PUDING ITALIA SAUS MATCHA,PCS,PCS,1.0,1.0,NO_PACKAGING_LAYER,DETECTOR,LEGACY_CONVERSION_CANDIDATE,PENDING
333510,STICKER PUDING ITALIA SAUS CHOCOLATO,PCS,PCS,1.0,1.0,NO_PACKAGING_LAYER,DETECTOR,LEGACY_CONVERSION_CANDIDATE,PENDING
333511,Sticker Milkbun,PCS,PCS,1.0,1.0,NO_PACKAGING_LAYER,DETECTOR,LEGACY_CONVERSION_CANDIDATE,PENDING
333512,STICKER BENTO,PCS,PCS,1.0,1.0,NO_PACKAGING_LAYER,DETECTOR,LEGACY_CONVERSION_CANDIDATE,PENDING
333513,STICKER LOGO PEMKOT,PCS,PCS,1.0,1.0,NO_PACKAGING_LAYER,DETECTOR,LEGACY_CONVERSION_CANDIDATE,PENDING
333514,STICKER ROTI SISIR,PCS,PCS,1.0,1.0,NO_PACKAGING_LAYER,DETECTOR,LEGACY_CONVERSION_CANDIDATE,PENDING
333515,STICKER DUBAI CHEWY COOKIES,PCS,PCS,1.0,1.0,NO_PACKAGING_LAYER,DETECTOR,LEGACY_CONVERSION_CANDIDATE,PENDING
400101,Abon,KG,KG,6.0,6.0,SCM_LARGE_UNIT_TO_TRANSIT_BASE_UNIT_CANDIDATE,DETECTOR,LEGACY_CONVERSION_CANDIDATE,PENDING
400102,Almonesia,KG,KG,11.34,11.34,SCM_LARGE_UNIT_TO_TRANSIT_BASE_UNIT_CANDIDATE,DETECTOR,LEGACY_CONVERSION_CANDIDATE,PENDING
400103,MANDARIN ORANGE WILMOND,JAR,JAR,24.0,24.0,SCM_LARGE_UNIT_TO_TRANSIT_BASE_UNIT_CANDIDATE,DETECTOR,LEGACY_CONVERSION_CANDIDATE,PENDING
400106,Kismis Lion Sunraisin,KG,KG,10.0,10.0,SCM_LARGE_UNIT_TO_TRANSIT_BASE_UNIT_CANDIDATE,DETECTOR,LEGACY_CONVERSION_CANDIDATE,PENDING
400107,Maraschino Red Cherry @4 Jar,KG,KG,5000.0,5000.0,SCM_LARGE_UNIT_TO_TRANSIT_BASE_UNIT_CANDIDATE,DETECTOR,"NAME_DERIVED_CANDIDATE,LEGACY_CONVERSION_CANDIDATE,CONVERSION_CONFLICT",PENDING
400108,Abon Ayam,KG,KG,1.0,1.0,NO_PACKAGING_LAYER,DETECTOR,LEGACY_CONVERSION_CANDIDATE,PENDING
400110,Chopped Peanut @10Kg,KG,KG,10.0,10.0,SCM_LARGE_UNIT_TO_TRANSIT_BASE_UNIT_CANDIDATE,DETECTOR,"NAME_DERIVED_CANDIDATE,LEGACY_CONVERSION_CANDIDATE",PENDING
400111,"Delifruit Dark Cherry 50 @2,7 Kg",KG,KG,2.7,2.7,SCM_LARGE_UNIT_TO_TRANSIT_BASE_UNIT_CANDIDATE,DETECTOR,"NAME_DERIVED_CANDIDATE,LEGACY_CONVERSION_CANDIDATE",PENDING
400112,ROYAL KING BLACK BROWN RAISIN 10KG,KG,KG,10.0,10.0,SCM_LARGE_UNIT_TO_TRANSIT_BASE_UNIT_CANDIDATE,DETECTOR,LEGACY_CONVERSION_CANDIDATE,PENDING
400113,ABON AYAM PEDAS,KG,KG,1.0,1.0,NO_PACKAGING_LAYER,DETECTOR,LEGACY_CONVERSION_CANDIDATE,PENDING
400114,CHERRY WILMOND @ 2KG,KG,KG,2.0,2.0,SCM_LARGE_UNIT_TO_TRANSIT_BASE_UNIT_CANDIDATE,DETECTOR,"NAME_DERIVED_CANDIDATE,LEGACY_CONVERSION_CANDIDATE",PENDING
400115,Red Cherry @3.6 kg,KG,KG,3.6,3.6,SCM_LARGE_UNIT_TO_TRANSIT_BASE_UNIT_CANDIDATE,DETECTOR,"NAME_DERIVED_CANDIDATE,LEGACY_CONVERSION_CANDIDATE",PENDING
400117,Jamur Kaleng,KG,KG,1.0,1.0,NO_PACKAGING_LAYER,DETECTOR,LEGACY_CONVERSION_CANDIDATE,PENDING
400201,Pisang Ambon Matang,KG,KG,1.0,1.0,NO_PACKAGING_LAYER,DETECTOR,"LEGACY_CONVERSION_CANDIDATE,MOVEMENT_RECONCILIATION_REVIEW",PENDING
400202,Pisang Ambon Mentah,KG,KG,1.0,1.0,NO_PACKAGING_LAYER,DETECTOR,LEGACY_CONVERSION_CANDIDATE,PENDING
400203,Pisang Raja Ajo,KG,KG,1.0,1.0,NO_PACKAGING_LAYER,DETECTOR,LEGACY_CONVERSION_CANDIDATE,PENDING
400204,Pisang Raja Matang,KG,KG,1.0,1.0,NO_PACKAGING_LAYER,DETECTOR,LEGACY_CONVERSION_CANDIDATE,PENDING
400205,Pisang Raja Mentah,KG,KG,1.0,1.0,NO_PACKAGING_LAYER,DETECTOR,LEGACY_CONVERSION_CANDIDATE,PENDING
400206,TAPE,KG,KG,1.0,1.0,NO_PACKAGING_LAYER,DETECTOR,LEGACY_CONVERSION_CANDIDATE,PENDING
400207,ANGGUR,KG,KG,1.0,1.0,NO_PACKAGING_LAYER,DETECTOR,LEGACY_CONVERSION_CANDIDATE,PENDING
400208,STRAWBERRY,KG,KG,1.0,1.0,NO_PACKAGING_LAYER,DETECTOR,LEGACY_CONVERSION_CANDIDATE,PENDING
400209,MELON,KG,KG,1.0,1.0,NO_PACKAGING_LAYER,DETECTOR,LEGACY_CONVERSION_CANDIDATE,PENDING
400210,AYAM FILLET,GR,GR,1000.0,1000.0,SCM_LARGE_UNIT_TO_TRANSIT_BASE_UNIT_CANDIDATE,DETECTOR,LEGACY_CONVERSION_CANDIDATE,PENDING
400211,BUMBU KARE INDOFOOD,GR,GR,45.0,45.0,SCM_LARGE_UNIT_TO_TRANSIT_BASE_UNIT_CANDIDATE,DETECTOR,LEGACY_CONVERSION_CANDIDATE,PENDING
400212,LADA BUBUK,GR,GR,1000.0,1000.0,SCM_LARGE_UNIT_TO_TRANSIT_BASE_UNIT_CANDIDATE,DETECTOR,LEGACY_CONVERSION_CANDIDATE,PENDING
400213,KIWI,KG,KG,1.0,1.0,NO_PACKAGING_LAYER,DETECTOR,LEGACY_CONVERSION_CANDIDATE,PENDING
400214,YOLK,GR,GR,1000.0,1000.0,SCM_LARGE_UNIT_TO_TRANSIT_BASE_UNIT_CANDIDATE,DETECTOR,LEGACY_CONVERSION_CANDIDATE,PENDING
400215,EGG WHITE POWDER,GR,GR,1000.0,1000.0,SCM_LARGE_UNIT_TO_TRANSIT_BASE_UNIT_CANDIDATE,DETECTOR,LEGACY_CONVERSION_CANDIDATE,PENDING
400216,LEMON,KG,KG,1000.0,1000.0,SCM_LARGE_UNIT_TO_TRANSIT_BASE_UNIT_CANDIDATE,DETECTOR,LEGACY_CONVERSION_CANDIDATE,PENDING
400217,BERAS KETAN PUTIH,GR,GR,1.0,1.0,NO_PACKAGING_LAYER,DETECTOR,LEGACY_CONVERSION_CANDIDATE,PENDING
400301,Sasa Santan Bubuk @10X12X20Gr,PCS,PCS,120.0,120.0,SCM_LARGE_UNIT_TO_TRANSIT_BASE_UNIT_CANDIDATE,DETECTOR,"NAME_DERIVED_CANDIDATE,PACKAGE_STRUCTURE_UNCLEAR,LEGACY_CONVERSION_CANDIDATE",PENDING
400302,Sasa Santan Cair 65Ml @32Pcs,PCS,PCS,32.0,32.0,SCM_LARGE_UNIT_TO_TRANSIT_BASE_UNIT_CANDIDATE,DETECTOR,"NAME_DERIVED_CANDIDATE,LEGACY_CONVERSION_CANDIDATE",PENDING
400303,Sasa Santan Cair@24X200Ml,PCS,PCS,24.0,24.0,SCM_LARGE_UNIT_TO_TRANSIT_BASE_UNIT_CANDIDATE,DETECTOR,"NAME_DERIVED_CANDIDATE,PACKAGE_STRUCTURE_UNCLEAR,LEGACY_CONVERSION_CANDIDATE",PENDING
400304,Madu,KG,KG,3.0,3.0,SCM_LARGE_UNIT_TO_TRANSIT_BASE_UNIT_CANDIDATE,DETECTOR,LEGACY_CONVERSION_CANDIDATE,PENDING
400305,SUN KARA 1000 ML,PCS,PCS,1.0,1.0,NO_PACKAGING_LAYER,DETECTOR,LEGACY_CONVERSION_CANDIDATE,PENDING
400306,MADU TJ 150 GR,PCS,PCS,1.0,1.0,NO_PACKAGING_LAYER,DETECTOR,LEGACY_CONVERSION_CANDIDATE,PENDING
400401,Spikel,KG,KG,1.0,1.0,NO_PACKAGING_LAYER,DETECTOR,LEGACY_CONVERSION_CANDIDATE,PENDING
400501,Telur Merah Grade A (Asb),KG,KG,1.0,1.0,NO_PACKAGING_LAYER,DETECTOR,LEGACY_CONVERSION_CANDIDATE,PENDING
400502,TELUR,KG,KG,1.0,1.0,NO_PACKAGING_LAYER,DETECTOR,LEGACY_CONVERSION_CANDIDATE,PENDING
400503,TELUR MERAH GRADE B BOGOR,KG,KG,1.0,1.0,NO_PACKAGING_LAYER,DETECTOR,LEGACY_CONVERSION_CANDIDATE,PENDING
400504,Telur Putih,KG,KG,1.0,1.0,NO_PACKAGING_LAYER,DETECTOR,LEGACY_CONVERSION_CANDIDATE,PENDING
400505,Telur Ayam Non Sortir,KG,KG,1.0,1.0,NO_PACKAGING_LAYER,DETECTOR,LEGACY_CONVERSION_CANDIDATE,PENDING
400506,Telur Putih Retak,KG,KG,1.0,1.0,NO_PACKAGING_LAYER,DETECTOR,LEGACY_CONVERSION_CANDIDATE,PENDING
400507,"TELUR AYAM ""INTAN SINAR ABADI""",KG,KG,1.0,1.0,NO_PACKAGING_LAYER,DETECTOR,LEGACY_CONVERSION_CANDIDATE,PENDING
400601,Wijen Putih @1KG,KG,KG,1.0,1.0,NO_PACKAGING_LAYER,DETECTOR,"NAME_DERIVED_CANDIDATE,LEGACY_CONVERSION_CANDIDATE",PENDING
400602,WIJEN HITAM @250gr,KG,KG,0.25,0.25,NO_PACKAGING_EVIDENCE,DETECTOR,"NAME_DERIVED_CANDIDATE,LEGACY_CONVERSION_CANDIDATE,CONVERSION_CONFLICT",PENDING
400603,Abon Sapi Piala @4x1kg,KG,KG,1.0,1.0,NO_PACKAGING_LAYER,DETECTOR,"NAME_DERIVED_CANDIDATE,PACKAGE_STRUCTURE_UNCLEAR,LEGACY_CONVERSION_CANDIDATE",PENDING
400604,Abon Sapi Piala pedas @4x1kg,KG,KG,1.0,1.0,NO_PACKAGING_LAYER,DETECTOR,"NAME_DERIVED_CANDIDATE,PACKAGE_STRUCTURE_UNCLEAR,LEGACY_CONVERSION_CANDIDATE",PENDING
400605,LEPATTA SAVOR BEEF @12 KG,KG,KG,12.0,12.0,SCM_LARGE_UNIT_TO_TRANSIT_BASE_UNIT_CANDIDATE,DETECTOR,"NAME_DERIVED_CANDIDATE,LEGACY_CONVERSION_CANDIDATE",PENDING
444101,Dishwash 5Liter,LTR,LTR,5.0,5.0,SCM_LARGE_UNIT_TO_TRANSIT_BASE_UNIT_CANDIDATE,DETECTOR,LEGACY_CONVERSION_CANDIDATE,PENDING
444102,Disinfektan,LTR,LTR,5.0,5.0,SCM_LARGE_UNIT_TO_TRANSIT_BASE_UNIT_CANDIDATE,DETECTOR,LEGACY_CONVERSION_CANDIDATE,PENDING
444103,NUTRI WASH LIME @2KG,KG,KG,2.0,2.0,SCM_LARGE_UNIT_TO_TRANSIT_BASE_UNIT_CANDIDATE,DETECTOR,"NAME_DERIVED_CANDIDATE,LEGACY_CONVERSION_CANDIDATE",PENDING
444104,DISHWASH SUPER PREMIUM @5LITER,LTR,LTR,5.0,5.0,SCM_LARGE_UNIT_TO_TRANSIT_BASE_UNIT_CANDIDATE,DETECTOR,"NAME_DERIVED_CANDIDATE,LEGACY_CONVERSION_CANDIDATE",PENDING
444105,FLOOR CLEANER LAVENDER @5LITER,LTR,LTR,5.0,5.0,SCM_LARGE_UNIT_TO_TRANSIT_BASE_UNIT_CANDIDATE,DETECTOR,"NAME_DERIVED_CANDIDATE,LEGACY_CONVERSION_CANDIDATE",PENDING
444106,HANDWASH JASMINE @5LITER,LTR,LTR,5.0,5.0,SCM_LARGE_UNIT_TO_TRANSIT_BASE_UNIT_CANDIDATE,DETECTOR,"NAME_DERIVED_CANDIDATE,LEGACY_CONVERSION_CANDIDATE",PENDING
444107,PENGHARUM,LTR,LTR,5.0,5.0,SCM_LARGE_UNIT_TO_TRANSIT_BASE_UNIT_CANDIDATE,DETECTOR,LEGACY_CONVERSION_CANDIDATE,PENDING
444201,Floor Cleaner 5 Liter,LTR,LTR,5.0,5.0,SCM_LARGE_UNIT_TO_TRANSIT_BASE_UNIT_CANDIDATE,DETECTOR,LEGACY_CONVERSION_CANDIDATE,PENDING
444202,Foodpack Garlic Cheese Bread @12X36Pack,PCS,PCS,1.0,1.0,NO_PACKAGING_LAYER,DETECTOR,"NAME_DERIVED_CANDIDATE,PACKAGE_STRUCTURE_UNCLEAR,LEGACY_CONVERSION_CANDIDATE",PENDING
444204,Paperbag Brown Kraft 150Gr 24X15X29,PCS,PCS,1.0,1.0,NO_PACKAGING_LAYER,DETECTOR,LEGACY_CONVERSION_CANDIDATE,PENDING
444205,Paperbag Brown Kraft 200Gr 24X25X25,PCS,PCS,1.0,1.0,NO_PACKAGING_LAYER,DETECTOR,LEGACY_CONVERSION_CANDIDATE,PENDING
444206,"Paperbag Brown Samson 85Gr 18X11,5X28",PCS,PCS,1.0,1.0,NO_PACKAGING_LAYER,DETECTOR,LEGACY_CONVERSION_CANDIDATE,PENDING
444208,Butter Milk Powder @ 1000 Gr - Pewangi Ruangan,GR,GR,1000.0,1000.0,SCM_LARGE_UNIT_TO_TRANSIT_BASE_UNIT_CANDIDATE,DETECTOR,"NAME_DERIVED_CANDIDATE,LEGACY_CONVERSION_CANDIDATE",PENDING
444209,MAMA LEMON 680 ML,PCS,PCS,1.0,1.0,NO_PACKAGING_LAYER,DETECTOR,LEGACY_CONVERSION_CANDIDATE,PENDING
444210,TUSUK GIGI,PACK,PACK,100.0,100.0,SCM_LARGE_UNIT_TO_TRANSIT_BASE_UNIT_CANDIDATE,DETECTOR,LEGACY_CONVERSION_CANDIDATE,PENDING
444211,TUSUK SATE,PACK,PACK,100.0,100.0,SCM_LARGE_UNIT_TO_TRANSIT_BASE_UNIT_CANDIDATE,DETECTOR,LEGACY_CONVERSION_CANDIDATE,PENDING
444301,Gas 12 Kg Bogor,KG,KG,12.0,12.0,SCM_LARGE_UNIT_TO_TRANSIT_BASE_UNIT_CANDIDATE,DETECTOR,LEGACY_CONVERSION_CANDIDATE,PENDING
444302,Gas 12 Kg Sukabumi,KG,KG,12.0,12.0,SCM_LARGE_UNIT_TO_TRANSIT_BASE_UNIT_CANDIDATE,DETECTOR,LEGACY_CONVERSION_CANDIDATE,PENDING
444303,GAS PORTABLE,GR,GR,235.0,235.0,SCM_LARGE_UNIT_TO_TRANSIT_BASE_UNIT_CANDIDATE,DETECTOR,LEGACY_CONVERSION_CANDIDATE,PENDING
444304,OXYGEN ABSORBER,PCS,PCS,1.0,1.0,NO_PACKAGING_LAYER,DETECTOR,LEGACY_CONVERSION_CANDIDATE,PENDING
444305,SILICA GEL,PCS,PCS,1.0,1.0,NO_PACKAGING_LAYER,DETECTOR,LEGACY_CONVERSION_CANDIDATE,PENDING
444400,Glass Cleaner 5 Liter (Pembersih Kaca),LTR,LTR,5.0,5.0,SCM_LARGE_UNIT_TO_TRANSIT_BASE_UNIT_CANDIDATE,DETECTOR,LEGACY_CONVERSION_CANDIDATE,PENDING
444501,Hand Glove Latex,PACK,PACK,1.0,1.0,NO_PACKAGING_LAYER,DETECTOR,LEGACY_CONVERSION_CANDIDATE,PENDING
444502,Hand Glove Plastik,PCS,PCS,1.0,1.0,NO_PACKAGING_LAYER,DETECTOR,LEGACY_CONVERSION_CANDIDATE,PENDING
444503,Hand Glove Nitrile Sensi,PCS,PCS,100.0,100.0,SCM_LARGE_UNIT_TO_TRANSIT_BASE_UNIT_CANDIDATE,DETECTOR,LEGACY_CONVERSION_CANDIDATE,PENDING
444601,Handsanityzer @20 Lt,LTR,LTR,20.0,20.0,SCM_LARGE_UNIT_TO_TRANSIT_BASE_UNIT_CANDIDATE,DETECTOR,"NAME_DERIVED_CANDIDATE,LEGACY_CONVERSION_CANDIDATE",PENDING
444603,HANDSANITYZER,LTR,LTR,1.0,1.0,NO_PACKAGING_LAYER,DETECTOR,LEGACY_CONVERSION_CANDIDATE,PENDING
444701,Icipon,PCS,PCS,1.0,1.0,NO_PACKAGING_LAYER,DETECTOR,LEGACY_CONVERSION_CANDIDATE,PENDING
444703,Jumbo Roll Tissue,PACK,PACK,16.0,16.0,SCM_LARGE_UNIT_TO_TRANSIT_BASE_UNIT_CANDIDATE,DETECTOR,LEGACY_CONVERSION_CANDIDATE,PENDING
444704,Multi Purpose Tissue,PCS,PCS,60.0,60.0,SCM_LARGE_UNIT_TO_TRANSIT_BASE_UNIT_CANDIDATE,DETECTOR,LEGACY_CONVERSION_CANDIDATE,PENDING
444801,Pisau Kue Plastik Besar,PCS,PCS,100.0,100.0,SCM_LARGE_UNIT_TO_TRANSIT_BASE_UNIT_CANDIDATE,DETECTOR,LEGACY_CONVERSION_CANDIDATE,PENDING
444802,PISAU KUE BROWNIS,PCS,PCS,100.0,100.0,SCM_LARGE_UNIT_TO_TRANSIT_BASE_UNIT_CANDIDATE,DETECTOR,LEGACY_CONVERSION_CANDIDATE,PENDING
444803,Pm (S) Strech Film 45Cm @6Roll,PCS,PCS,1.0,1.0,NO_PACKAGING_LAYER,DETECTOR,"NAME_DERIVED_CANDIDATE,LEGACY_CONVERSION_CANDIDATE,CONVERSION_CONFLICT",PENDING
444804,Alumunium Foil,ROLL,ROLL,1.0,1.0,NO_PACKAGING_LAYER,DETECTOR,LEGACY_CONVERSION_CANDIDATE,PENDING
444807,Garpu plastik kue ultah,PCS,PCS,200.0,200.0,SCM_LARGE_UNIT_TO_TRANSIT_BASE_UNIT_CANDIDATE,DETECTOR,LEGACY_CONVERSION_CANDIDATE,PENDING
444808,Piring kue emas @1x250x10 pcs,PCS,PCS,10.0,10.0,SCM_LARGE_UNIT_TO_TRANSIT_BASE_UNIT_CANDIDATE,DETECTOR,"NAME_DERIVED_CANDIDATE,PACKAGE_STRUCTURE_UNCLEAR,LEGACY_CONVERSION_CANDIDATE",PENDING
444809,Piring kue Silver @1x300x10 pcs,PCS,PCS,10.0,10.0,SCM_LARGE_UNIT_TO_TRANSIT_BASE_UNIT_CANDIDATE,DETECTOR,"NAME_DERIVED_CANDIDATE,PACKAGE_STRUCTURE_UNCLEAR,LEGACY_CONVERSION_CANDIDATE",PENDING
444810,PITA MERAH,PCS,PCS,1.0,1.0,NO_PACKAGING_LAYER,DETECTOR,LEGACY_CONVERSION_CANDIDATE,PENDING
444901,Polibag,PACK,PACK,1.0,1.0,NO_PACKAGING_LAYER,DETECTOR,LEGACY_CONVERSION_CANDIDATE,PENDING
444902,Red Handsoap 5Liter,LTR,LTR,5000.0,5000.0,SCM_LARGE_UNIT_TO_TRANSIT_BASE_UNIT_CANDIDATE,DETECTOR,LEGACY_CONVERSION_CANDIDATE,PENDING
444903,Sarung Tangan Kain,PCS,PCS,24.0,24.0,SCM_LARGE_UNIT_TO_TRANSIT_BASE_UNIT_CANDIDATE,DETECTOR,LEGACY_CONVERSION_CANDIDATE,PENDING
444904,Sendok Milkbath,PCS,PCS,1000.0,1000.0,SCM_LARGE_UNIT_TO_TRANSIT_BASE_UNIT_CANDIDATE,DETECTOR,LEGACY_CONVERSION_CANDIDATE,PENDING
444905,PEMBERSIH KACA,LTR,LTR,5.0,5.0,SCM_LARGE_UNIT_TO_TRANSIT_BASE_UNIT_CANDIDATE,DETECTOR,LEGACY_CONVERSION_CANDIDATE,PENDING
444906,Sendok kayu oval,PCS,PCS,100.0,100.0,SCM_LARGE_UNIT_TO_TRANSIT_BASE_UNIT_CANDIDATE,DETECTOR,LEGACY_CONVERSION_CANDIDATE,PENDING
444907,SENDOK MILKBUN,PCS,PCS,1.0,1.0,NO_PACKAGING_LAYER,DETECTOR,LEGACY_CONVERSION_CANDIDATE,PENDING
555101,Dus 20X20 3 Varian,PCS,PCS,1.0,1.0,NO_PACKAGING_LAYER,DETECTOR,LEGACY_CONVERSION_CANDIDATE,PENDING
555102,Dus 22X22 3 Varian,PCS,PCS,1.0,1.0,NO_PACKAGING_LAYER,DETECTOR,LEGACY_CONVERSION_CANDIDATE,PENDING
555111,DUS BF ULTAH 28X28,PCS,PCS,1.0,1.0,NO_PACKAGING_LAYER,DETECTOR,LEGACY_CONVERSION_CANDIDATE,PENDING
555201,DUS BF ULTAH 22X22,PCS,PCS,1.0,1.0,NO_PACKAGING_LAYER,DETECTOR,LEGACY_CONVERSION_CANDIDATE,PENDING
555202,Dus Bf Ultah Merah,PCS,PCS,1.0,1.0,NO_PACKAGING_LAYER,DETECTOR,LEGACY_CONVERSION_CANDIDATE,PENDING
555222,Kardus Oleh-Oleh (Corgurated),PCS,PCS,1.0,1.0,NO_PACKAGING_LAYER,DETECTOR,LEGACY_CONVERSION_CANDIDATE,PENDING
555297,DUPLEK,PCS,PCS,1.0,1.0,NO_PACKAGING_LAYER,DETECTOR,LEGACY_CONVERSION_CANDIDATE,PENDING
555301,Dus Bollen Durian,PCS,PCS,1.0,1.0,NO_PACKAGING_LAYER,DETECTOR,LEGACY_CONVERSION_CANDIDATE,PENDING
555304,Dus Bollen All Varian,PCS,PCS,1.0,1.0,NO_PACKAGING_LAYER,DETECTOR,LEGACY_CONVERSION_CANDIDATE,PENDING
555401,Dus Bolu Pandan,PCS,PCS,1.0,1.0,NO_PACKAGING_LAYER,DETECTOR,LEGACY_CONVERSION_CANDIDATE,PENDING
555403,Dus Bolu Pisang Blackforest,PCS,PCS,1.0,1.0,NO_PACKAGING_LAYER,DETECTOR,LEGACY_CONVERSION_CANDIDATE,PENDING
555404,Hairnet @100 Pcs,PCS,PCS,100.0,100.0,SCM_LARGE_UNIT_TO_TRANSIT_BASE_UNIT_CANDIDATE,DETECTOR,"NAME_DERIVED_CANDIDATE,LEGACY_CONVERSION_CANDIDATE",PENDING
555406,Dus Bolu Pisang Coklat Keju,PCS,PCS,1.0,1.0,NO_PACKAGING_LAYER,DETECTOR,LEGACY_CONVERSION_CANDIDATE,PENDING
555407,Dus Bolu Pisang Keju Special,PCS,PCS,1.0,1.0,NO_PACKAGING_LAYER,DETECTOR,LEGACY_CONVERSION_CANDIDATE,PENDING
555410,Dus Bolu Pisang Original Baru,PCS,PCS,1.0,1.0,NO_PACKAGING_LAYER,DETECTOR,"LEGACY_CONVERSION_CANDIDATE,MOVEMENT_RECONCILIATION_REVIEW",PENDING
555500,Dus Box Nabura @250,PCS,PCS,1.0,1.0,NO_PACKAGING_LAYER,DETECTOR,LEGACY_CONVERSION_CANDIDATE,PENDING
555601,Dus Brownies Kukus,PCS,PCS,1.0,1.0,NO_PACKAGING_LAYER,DETECTOR,LEGACY_CONVERSION_CANDIDATE,PENDING
555602,Dus Brownies Talas,PCS,PCS,1.0,1.0,NO_PACKAGING_LAYER,DETECTOR,LEGACY_CONVERSION_CANDIDATE,PENDING
555701,Dus Donat -  Vol.12,PCS,PCS,1.0,1.0,NO_PACKAGING_LAYER,DETECTOR,LEGACY_CONVERSION_CANDIDATE,PENDING
555702,Dus Donat - Vol.3,PCS,PCS,1.0,1.0,NO_PACKAGING_LAYER,DETECTOR,LEGACY_CONVERSION_CANDIDATE,PENDING
555703,Dus Donat - Vol.6,PCS,PCS,1.0,1.0,NO_PACKAGING_LAYER,DETECTOR,LEGACY_CONVERSION_CANDIDATE,PENDING
555704,Dus Full Talas Mini,PCS,PCS,1.0,1.0,NO_PACKAGING_LAYER,DETECTOR,LEGACY_CONVERSION_CANDIDATE,PENDING
555705,Dus Donat Vol. 4 Laminasi,PCS,PCS,1.0,1.0,NO_PACKAGING_LAYER,DETECTOR,LEGACY_CONVERSION_CANDIDATE,PENDING
555706,Dus Donat Vol. 4 Mika,PCS,PCS,1.0,1.0,NO_PACKAGING_LAYER,DETECTOR,LEGACY_CONVERSION_CANDIDATE,PENDING
555801,Dus Lapis Coco Pandan,PCS,PCS,1.0,1.0,NO_PACKAGING_LAYER,DETECTOR,LEGACY_CONVERSION_CANDIDATE,PENDING
555802,Dus Lapis Full Talas,PCS,PCS,1.0,1.0,NO_PACKAGING_LAYER,DETECTOR,LEGACY_CONVERSION_CANDIDATE,PENDING
555803,Dus Lapis Greentea,PCS,PCS,1.0,1.0,NO_PACKAGING_LAYER,DETECTOR,LEGACY_CONVERSION_CANDIDATE,PENDING
555804,Dus Lapis Talas Original,PCS,PCS,1.0,1.0,NO_PACKAGING_LAYER,DETECTOR,LEGACY_CONVERSION_CANDIDATE,PENDING
555805,Dus Lapis Talas Original Mini,PCS,PCS,1.0,1.0,NO_PACKAGING_LAYER,DETECTOR,LEGACY_CONVERSION_CANDIDATE,PENDING
555806,Dus Lapis Talas Strawberry,PCS,PCS,1.0,1.0,NO_PACKAGING_LAYER,DETECTOR,LEGACY_CONVERSION_CANDIDATE,PENDING
555807,Dus Lapis Tiramisu,PCS,PCS,1.0,1.0,NO_PACKAGING_LAYER,DETECTOR,LEGACY_CONVERSION_CANDIDATE,PENDING
555901,Dus Mochi Cokelat Spesial,PCS,PCS,1.0,1.0,NO_PACKAGING_LAYER,DETECTOR,LEGACY_CONVERSION_CANDIDATE,PENDING
555902,Dus Mochi Durian Spesial,PCS,PCS,1.0,1.0,NO_PACKAGING_LAYER,DETECTOR,LEGACY_CONVERSION_CANDIDATE,PENDING
555903,Dus Mochi Greentea Spesial,PCS,PCS,1.0,1.0,NO_PACKAGING_LAYER,DETECTOR,LEGACY_CONVERSION_CANDIDATE,PENDING
555904,Dus Mochi Keju Spesial,PCS,PCS,1.0,1.0,NO_PACKAGING_LAYER,DETECTOR,LEGACY_CONVERSION_CANDIDATE,PENDING
555905,Dus Mochi Oreo Spesial,PCS,PCS,1.0,1.0,NO_PACKAGING_LAYER,DETECTOR,LEGACY_CONVERSION_CANDIDATE,PENDING
555906,Dus Mochi Wijen Spesial,PCS,PCS,1.0,1.0,NO_PACKAGING_LAYER,DETECTOR,LEGACY_CONVERSION_CANDIDATE,PENDING
555907,Dus Snackbox 14X14,PCS,PCS,1.0,1.0,NO_PACKAGING_LAYER,DETECTOR,LEGACY_CONVERSION_CANDIDATE,PENDING
555908,Dus Snackbox 16X16,PCS,PCS,1.0,1.0,NO_PACKAGING_LAYER,DETECTOR,LEGACY_CONVERSION_CANDIDATE,PENDING
555910,Dus Slice Cake 11X13X12,PCS,PCS,1.0,1.0,NO_PACKAGING_LAYER,DETECTOR,LEGACY_CONVERSION_CANDIDATE,PENDING
555911,Dus General @250 Pcs,PCS,PCS,1.0,1.0,NO_PACKAGING_LAYER,DETECTOR,"NAME_DERIVED_CANDIDATE,LEGACY_CONVERSION_CANDIDATE,CONVERSION_CONFLICT",PENDING
555912,Dus Mochi Choco Crunchy,PCS,PCS,1.0,1.0,NO_PACKAGING_LAYER,DETECTOR,LEGACY_CONVERSION_CANDIDATE,PENDING
555913,Dus Roll Cake,PCS,PCS,1.0,1.0,NO_PACKAGING_LAYER,DETECTOR,LEGACY_CONVERSION_CANDIDATE,PENDING
555914,Dus Hampers Bolu Amor,PCS,PCS,1.0,1.0,NO_PACKAGING_LAYER,DETECTOR,LEGACY_CONVERSION_CANDIDATE,PENDING
555915,Dus chiffon sensasi,PCS,PCS,1.0,1.0,NO_PACKAGING_LAYER,DETECTOR,LEGACY_CONVERSION_CANDIDATE,PENDING
555916,Dus Bolu Pisang Special (General),PCS,PCS,1.0,1.0,NO_PACKAGING_LAYER,DETECTOR,LEGACY_CONVERSION_CANDIDATE,PENDING
555920,DUS SNACKBOX 14X12,PCS,PCS,1.0,1.0,NO_PACKAGING_LAYER,DETECTOR,LEGACY_CONVERSION_CANDIDATE,PENDING
555921,DUS SNACKBOX 12X12,PCS,PCS,1.0,1.0,NO_PACKAGING_LAYER,DETECTOR,LEGACY_CONVERSION_CANDIDATE,PENDING
555922,DUS LAPIS SURABAYA,PCS,PCS,1.0,1.0,NO_PACKAGING_LAYER,DETECTOR,LEGACY_CONVERSION_CANDIDATE,PENDING
555923,DUS SNACKBOX 14X12 POLOS,PCS,PCS,1.0,1.0,NO_PACKAGING_LAYER,DETECTOR,LEGACY_CONVERSION_CANDIDATE,PENDING
555924,DUS ONLINE SHOP ISI 2,PCS,PCS,1.0,1.0,NO_PACKAGING_LAYER,DETECTOR,LEGACY_CONVERSION_CANDIDATE,PENDING
555925,DUS ONLINE SHOP ISI 4,PCS,PCS,1.0,1.0,NO_PACKAGING_LAYER,DETECTOR,LEGACY_CONVERSION_CANDIDATE,PENDING
555926,DUS ONLINE SHOP ISI 6,PCS,PCS,1.0,1.0,NO_PACKAGING_LAYER,DETECTOR,LEGACY_CONVERSION_CANDIDATE,PENDING
600101,Dusting Donat @1X5Kg,KG,KG,5.0,5.0,SCM_LARGE_UNIT_TO_TRANSIT_BASE_UNIT_CANDIDATE,DETECTOR,"NAME_DERIVED_CANDIDATE,PACKAGE_STRUCTURE_UNCLEAR,LEGACY_CONVERSION_CANDIDATE",PENDING
600102,Foundan Bakel,KG,KG,7.0,7.0,SCM_LARGE_UNIT_TO_TRANSIT_BASE_UNIT_CANDIDATE,DETECTOR,LEGACY_CONVERSION_CANDIDATE,PENDING
600103,Gula Cair Rb. Hfs 55% @1X30 Kg,KG,KG,30.0,30.0,SCM_LARGE_UNIT_TO_TRANSIT_BASE_UNIT_CANDIDATE,DETECTOR,"NAME_DERIVED_CANDIDATE,PACKAGE_STRUCTURE_UNCLEAR,LEGACY_CONVERSION_CANDIDATE",PENDING
600104,Gula Pasir @1X50 Kg,KG,KG,50.0,50.0,SCM_LARGE_UNIT_TO_TRANSIT_BASE_UNIT_CANDIDATE,DETECTOR,"NAME_DERIVED_CANDIDATE,PACKAGE_STRUCTURE_UNCLEAR,LEGACY_CONVERSION_CANDIDATE",PENDING
600105,Haan Wipy Cream,GR,GR,200.0,200.0,SCM_LARGE_UNIT_TO_TRANSIT_BASE_UNIT_CANDIDATE,DETECTOR,LEGACY_CONVERSION_CANDIDATE,PENDING
600106,GULA PASIR VIT @50KG,KG,KG,50.0,50.0,SCM_LARGE_UNIT_TO_TRANSIT_BASE_UNIT_CANDIDATE,DETECTOR,"NAME_DERIVED_CANDIDATE,LEGACY_CONVERSION_CANDIDATE",PENDING
600107,Gula Rafinasi @ 50kg,KG,KG,50000.0,50000.0,SCM_LARGE_UNIT_TO_TRANSIT_BASE_UNIT_CANDIDATE,DETECTOR,"NAME_DERIVED_CANDIDATE,LEGACY_CONVERSION_CANDIDATE,CONVERSION_CONFLICT",PENDING
600108,FOUNDAN BAKEL @1KG,KG,KG,1.0,1.0,NO_PACKAGING_LAYER,DETECTOR,"NAME_DERIVED_CANDIDATE,LEGACY_CONVERSION_CANDIDATE",PENDING
600301,Pastricia Icing Sugar  @1X10Kg,KG,KG,10.0,10.0,SCM_LARGE_UNIT_TO_TRANSIT_BASE_UNIT_CANDIDATE,DETECTOR,"NAME_DERIVED_CANDIDATE,PACKAGE_STRUCTURE_UNCLEAR,LEGACY_CONVERSION_CANDIDATE",PENDING
600302,GULA HALUS KIS 10 KG,KG,KG,10.0,10.0,SCM_LARGE_UNIT_TO_TRANSIT_BASE_UNIT_CANDIDATE,DETECTOR,LEGACY_CONVERSION_CANDIDATE,PENDING
600303,Gula halus claris merah 4kg,KG,KG,4000.0,4000.0,SCM_LARGE_UNIT_TO_TRANSIT_BASE_UNIT_CANDIDATE,DETECTOR,LEGACY_CONVERSION_CANDIDATE,PENDING
600304,PASTRICIA DUSTING SUGAR  @1X10KG,KG,KG,1000.0,1000.0,SCM_LARGE_UNIT_TO_TRANSIT_BASE_UNIT_CANDIDATE,DETECTOR,"NAME_DERIVED_CANDIDATE,PACKAGE_STRUCTURE_UNCLEAR,LEGACY_CONVERSION_CANDIDATE",PENDING
600305,PLAZA GULA HALUS @500 GR,GR,GR,500.0,500.0,SCM_LARGE_UNIT_TO_TRANSIT_BASE_UNIT_CANDIDATE,DETECTOR,"NAME_DERIVED_CANDIDATE,LEGACY_CONVERSION_CANDIDATE",PENDING
600306,GULA HALUS CLARIS ORANGE,GR,GR,1000.0,1000.0,SCM_LARGE_UNIT_TO_TRANSIT_BASE_UNIT_CANDIDATE,DETECTOR,LEGACY_CONVERSION_CANDIDATE,PENDING
666101,Mika Bg 24,SET,SET,150.0,150.0,SCM_LARGE_UNIT_TO_TRANSIT_BASE_UNIT_CANDIDATE,DETECTOR,LEGACY_CONVERSION_CANDIDATE,PENDING
666102,Mika Brownies Bakar @200 Set,SET,SET,200.0,200.0,SCM_LARGE_UNIT_TO_TRANSIT_BASE_UNIT_CANDIDATE,DETECTOR,"NAME_DERIVED_CANDIDATE,LEGACY_CONVERSION_CANDIDATE",PENDING
666103,Mika Oval Japanese Cake @300 Set,SET,SET,300.0,300.0,SCM_LARGE_UNIT_TO_TRANSIT_BASE_UNIT_CANDIDATE,DETECTOR,"NAME_DERIVED_CANDIDATE,LEGACY_CONVERSION_CANDIDATE",PENDING
666104,Mika Oval Japanese Cake Sml @300 Set,SET,SET,300.0,300.0,SCM_LARGE_UNIT_TO_TRANSIT_BASE_UNIT_CANDIDATE,DETECTOR,"NAME_DERIVED_CANDIDATE,LEGACY_CONVERSION_CANDIDATE",PENDING
666105,Mika Chiffon 20Ddm @250 Pcs,SET,SET,250.0,250.0,SCM_LARGE_UNIT_TO_TRANSIT_BASE_UNIT_CANDIDATE,DETECTOR,"NAME_DERIVED_CANDIDATE,LEGACY_CONVERSION_CANDIDATE",PENDING
666106,Mika Brownies S Techno @300Set,SET,SET,300.0,300.0,SCM_LARGE_UNIT_TO_TRANSIT_BASE_UNIT_CANDIDATE,DETECTOR,"NAME_DERIVED_CANDIDATE,LEGACY_CONVERSION_CANDIDATE",PENDING
666107,Mika Bg 24 Perpcs,PCS,PCS,1.0,1.0,NO_PACKAGING_LAYER,DETECTOR,LEGACY_CONVERSION_CANDIDATE,PENDING
666108,Mika Chiffon 18 Ddm @250 Pcs,PCS,PCS,250.0,250.0,SCM_LARGE_UNIT_TO_TRANSIT_BASE_UNIT_CANDIDATE,DETECTOR,"NAME_DERIVED_CANDIDATE,LEGACY_CONVERSION_CANDIDATE",PENDING
666109,Mika Ct 15 @150 Pcs,PCS,PCS,150.0,150.0,SCM_LARGE_UNIT_TO_TRANSIT_BASE_UNIT_CANDIDATE,DETECTOR,"NAME_DERIVED_CANDIDATE,LEGACY_CONVERSION_CANDIDATE",PENDING
666110,MIKA MOONCAKE,PCS,PCS,1.0,1.0,NO_PACKAGING_LAYER,DETECTOR,LEGACY_CONVERSION_CANDIDATE,PENDING
666111,MIKA KOTAK 28,PCS,PCS,,,NO_PACKAGING_EVIDENCE,DETECTOR,NO_EVIDENCE_FOUND,PENDING
666201,Papper Cup Kecil @25Pcs,PCS,PCS,1.0,1.0,NO_PACKAGING_LAYER,DETECTOR,"NAME_DERIVED_CANDIDATE,LEGACY_CONVERSION_CANDIDATE,CONVERSION_CONFLICT",PENDING
666202,Papper Cup Milkbath 360Ml,SET,SET,1.0,1.0,NO_PACKAGING_LAYER,DETECTOR,LEGACY_CONVERSION_CANDIDATE,PENDING
666203,Paper Bowl 500Ml + Tutup,PCS,PCS,1.0,1.0,NO_PACKAGING_LAYER,DETECTOR,LEGACY_CONVERSION_CANDIDATE,PENDING
666301,Plastik Segitiga Besar,PACK,PACK,1.0,1.0,NO_PACKAGING_LAYER,DETECTOR,LEGACY_CONVERSION_CANDIDATE,PENDING
666302,Plastik Segitiga Kecil,PACK,PACK,1.0,1.0,NO_PACKAGING_LAYER,DETECTOR,LEGACY_CONVERSION_CANDIDATE,PENDING
666401,Thinwall 300Ml @20X25Set,SET,SET,1.0,1.0,NO_PACKAGING_LAYER,DETECTOR,"NAME_DERIVED_CANDIDATE,PACKAGE_STRUCTURE_UNCLEAR,LEGACY_CONVERSION_CANDIDATE",PENDING
666402,Thinwall 350Ml @20X25Set,SET,SET,1.0,1.0,NO_PACKAGING_LAYER,DETECTOR,"NAME_DERIVED_CANDIDATE,PACKAGE_STRUCTURE_UNCLEAR,LEGACY_CONVERSION_CANDIDATE",PENDING
666403,THINWALL CUP 150ml,PCS,PCS,1.0,1.0,NO_PACKAGING_LAYER,DETECTOR,LEGACY_CONVERSION_CANDIDATE,PENDING
666404,Tabung Cylinder 14cm,PCS,PCS,1.0,1.0,NO_PACKAGING_LAYER,DETECTOR,LEGACY_CONVERSION_CANDIDATE,PENDING
666405,Thinwall Sauce 25ml,PCS,PCS,1.0,1.0,NO_PACKAGING_LAYER,DETECTOR,LEGACY_CONVERSION_CANDIDATE,PENDING
666406,Thinwall DM 150ml,PCS,PCS,1.0,1.0,NO_PACKAGING_LAYER,DETECTOR,LEGACY_CONVERSION_CANDIDATE,PENDING
666407,MIKA BROWNIES S PUTIH,PCS,PCS,200.0,200.0,SCM_LARGE_UNIT_TO_TRANSIT_BASE_UNIT_CANDIDATE,DETECTOR,LEGACY_CONVERSION_CANDIDATE,PENDING
666408,TABUNG CYLINDER 7CM,PCS,PCS,210.0,210.0,SCM_LARGE_UNIT_TO_TRANSIT_BASE_UNIT_CANDIDATE,DETECTOR,"LEGACY_CONVERSION_CANDIDATE,MOVEMENT_RECONCILIATION_REVIEW",PENDING
666410,TOPLES TUTUP GOLD @ 80x15 CM,PCS,PCS,1.0,1.0,NO_PACKAGING_LAYER,DETECTOR,"NAME_DERIVED_CANDIDATE,PACKAGE_STRUCTURE_UNCLEAR,LEGACY_CONVERSION_CANDIDATE",PENDING
666411,TOPLES TUTUP SILVER @ 85x85 CM,PCS,PCS,1.0,1.0,NO_PACKAGING_LAYER,DETECTOR,"NAME_DERIVED_CANDIDATE,PACKAGE_STRUCTURE_UNCLEAR,LEGACY_CONVERSION_CANDIDATE",PENDING
666412,TOPLES 400 ML,PCS,PCS,1.0,1.0,NO_PACKAGING_LAYER,DETECTOR,LEGACY_CONVERSION_CANDIDATE,PENDING
700101,Calf Cheese Filling @ 8X1 Kg,KG,KG,8.0,8.0,SCM_LARGE_UNIT_TO_TRANSIT_BASE_UNIT_CANDIDATE,DETECTOR,"NAME_DERIVED_CANDIDATE,PACKAGE_STRUCTURE_UNCLEAR,LEGACY_CONVERSION_CANDIDATE",PENDING
700102,Calf Cheese Filling 4X6X200Gr,KG,KG,24.0,24.0,SCM_LARGE_UNIT_TO_TRANSIT_BASE_UNIT_CANDIDATE,DETECTOR,LEGACY_CONVERSION_CANDIDATE,PENDING
700103,Calf Orange @8X2 Kg,KG,KG,16.0,16.0,SCM_LARGE_UNIT_TO_TRANSIT_BASE_UNIT_CANDIDATE,DETECTOR,"NAME_DERIVED_CANDIDATE,PACKAGE_STRUCTURE_UNCLEAR,LEGACY_CONVERSION_CANDIDATE",PENDING
700104,Keju Wincheez @8X2Kg,KG,KG,16.0,16.0,SCM_LARGE_UNIT_TO_TRANSIT_BASE_UNIT_CANDIDATE,DETECTOR,"NAME_DERIVED_CANDIDATE,PACKAGE_STRUCTURE_UNCLEAR,LEGACY_CONVERSION_CANDIDATE",PENDING
700105,Wincheez Filling @8X1Kg,KG,KG,8.0,8.0,SCM_LARGE_UNIT_TO_TRANSIT_BASE_UNIT_CANDIDATE,DETECTOR,"NAME_DERIVED_CANDIDATE,PACKAGE_STRUCTURE_UNCLEAR,LEGACY_CONVERSION_CANDIDATE",PENDING
700106,Cheese Salty Filling @10X1Kg,KG,KG,1.0,1.0,NO_PACKAGING_LAYER,DETECTOR,"NAME_DERIVED_CANDIDATE,PACKAGE_STRUCTURE_UNCLEAR,LEGACY_CONVERSION_CANDIDATE",PENDING
700107,22% Reduced Fat Natural Cheddar Cheese Block @8X2.5 Kg,KG,KG,20.0,20.0,SCM_LARGE_UNIT_TO_TRANSIT_BASE_UNIT_CANDIDATE,DETECTOR,"NAME_DERIVED_CANDIDATE,PACKAGE_STRUCTURE_UNCLEAR,LEGACY_CONVERSION_CANDIDATE",PENDING
700108,"Cheesy Mozarella @4X2,3 Kg",KG,KG,9.2,9.2,SCM_LARGE_UNIT_TO_TRANSIT_BASE_UNIT_CANDIDATE,DETECTOR,"NAME_DERIVED_CANDIDATE,PACKAGE_STRUCTURE_UNCLEAR,LEGACY_CONVERSION_CANDIDATE",PENDING
700109,Kaneka Filling Cheese @5Kg,KG,KG,5.0,5.0,SCM_LARGE_UNIT_TO_TRANSIT_BASE_UNIT_CANDIDATE,DETECTOR,"NAME_DERIVED_CANDIDATE,LEGACY_CONVERSION_CANDIDATE",PENDING
700111,CALF MERAH CHEDDAR CHEESE @8x2kg,KG,KG,16.0,16.0,SCM_LARGE_UNIT_TO_TRANSIT_BASE_UNIT_CANDIDATE,DETECTOR,"NAME_DERIVED_CANDIDATE,PACKAGE_STRUCTURE_UNCLEAR,LEGACY_CONVERSION_CANDIDATE",PENDING
700112,Emina cheese shred 2kg,KG,KG,16.0,16.0,SCM_LARGE_UNIT_TO_TRANSIT_BASE_UNIT_CANDIDATE,DETECTOR,LEGACY_CONVERSION_CANDIDATE,PENDING
700113,KEJU PARMESAN ANCHOR @ 1 KG,GR,GR,1000.0,1000.0,SCM_LARGE_UNIT_TO_TRANSIT_BASE_UNIT_CANDIDATE,DETECTOR,"NAME_DERIVED_CANDIDATE,LEGACY_CONVERSION_CANDIDATE,CONVERSION_CONFLICT",PENDING
700114,KEJU WINCHEEZ CUSTOM C @8x2KG,KG,KG,16.0,16.0,SCM_LARGE_UNIT_TO_TRANSIT_BASE_UNIT_CANDIDATE,DETECTOR,"NAME_DERIVED_CANDIDATE,PACKAGE_STRUCTURE_UNCLEAR,LEGACY_CONVERSION_CANDIDATE",PENDING
700115,KEJU EDAM,GR,GR,1000.0,1000.0,SCM_LARGE_UNIT_TO_TRANSIT_BASE_UNIT_CANDIDATE,DETECTOR,LEGACY_CONVERSION_CANDIDATE,PENDING
777101,Ch-12 @1X3000Pcs,PCS,PCS,1.0,1.0,NO_PACKAGING_LAYER,DETECTOR,"NAME_DERIVED_CANDIDATE,PACKAGE_STRUCTURE_UNCLEAR,LEGACY_CONVERSION_CANDIDATE",PENDING
777201,Kresek  24X30/47 @1000 (S),PCS,PCS,1.0,1.0,NO_PACKAGING_LAYER,DETECTOR,LEGACY_CONVERSION_CANDIDATE,PENDING
777202,Kresek  24X40/47 @750 (L),PCS,PCS,1.0,1.0,NO_PACKAGING_LAYER,DETECTOR,LEGACY_CONVERSION_CANDIDATE,PENDING
777205,Kresek 28X30 Spesial @1000 (S),PCS,PCS,1.0,1.0,NO_PACKAGING_LAYER,DETECTOR,LEGACY_CONVERSION_CANDIDATE,PENDING
777207,Kresek 28X40 Spesial Tinggi @1000 (L),PCS,PCS,1.0,1.0,NO_PACKAGING_LAYER,DETECTOR,LEGACY_CONVERSION_CANDIDATE,PENDING
777210,Kresek Donat (Isi 6) @1000,PCS,PCS,1.0,1.0,NO_PACKAGING_LAYER,DETECTOR,LEGACY_CONVERSION_CANDIDATE,PENDING
777211,Kresek Jumbo Uk 50 @50Pcs,KG,KG,1.0,1.0,NO_PACKAGING_LAYER,DETECTOR,"NAME_DERIVED_CANDIDATE,LEGACY_CONVERSION_CANDIDATE,CONVERSION_CONFLICT",PENDING
777212,Kresek Nabura 28X40,PCS,PCS,1000.0,1000.0,SCM_LARGE_UNIT_TO_TRANSIT_BASE_UNIT_CANDIDATE,DETECTOR,"LEGACY_CONVERSION_CANDIDATE,MOVEMENT_RECONCILIATION_REVIEW",PENDING
777213,Kresek Nabura 40X60,PCS,PCS,1000.0,1000.0,SCM_LARGE_UNIT_TO_TRANSIT_BASE_UNIT_CANDIDATE,DETECTOR,LEGACY_CONVERSION_CANDIDATE,PENDING
777214,Kresek Polos Uk 35,PCS,PCS,50.0,50.0,SCM_LARGE_UNIT_TO_TRANSIT_BASE_UNIT_CANDIDATE,DETECTOR,LEGACY_CONVERSION_CANDIDATE,PENDING
777216,Kresek Roti 30X28/25 @3500,PCS,PCS,1.0,1.0,NO_PACKAGING_LAYER,DETECTOR,LEGACY_CONVERSION_CANDIDATE,PENDING
777300,Partisi Plastik Mochi,PCS,PCS,1.0,1.0,NO_PACKAGING_LAYER,DETECTOR,LEGACY_CONVERSION_CANDIDATE,PENDING
777403,Plastik Opp 15X25,PCS,PCS,1.0,1.0,NO_PACKAGING_LAYER,DETECTOR,LEGACY_CONVERSION_CANDIDATE,PENDING
777405,Plastik Pe 12X30 (Cap Bawang),KG,KG,1.0,1.0,NO_PACKAGING_LAYER,DETECTOR,LEGACY_CONVERSION_CANDIDATE,PENDING
777406,Plastik Pe 14X35 (Cap Bawang),KG,KG,1.0,1.0,NO_PACKAGING_LAYER,DETECTOR,LEGACY_CONVERSION_CANDIDATE,PENDING
777407,Plastik Pe 20X40 (Cap Bawang),KG,KG,1.0,1.0,NO_PACKAGING_LAYER,DETECTOR,LEGACY_CONVERSION_CANDIDATE,PENDING
777408,"Plastik Pe 3,8X25 (Cap Bawang)",KG,KG,1.0,1.0,NO_PACKAGING_LAYER,DETECTOR,LEGACY_CONVERSION_CANDIDATE,PENDING
777409,Plastik Pe 40X60 (Cap Bawang),PACK,PACK,1.0,1.0,NO_PACKAGING_LAYER,DETECTOR,LEGACY_CONVERSION_CANDIDATE,PENDING
777410,Plastik Roti Tawar Vol 22,PCS,PCS,1.0,1.0,NO_PACKAGING_LAYER,DETECTOR,LEGACY_CONVERSION_CANDIDATE,PENDING
777411,Plastik Roti Tawar Vol 11,PCS,PCS,1.0,1.0,NO_PACKAGING_LAYER,DETECTOR,LEGACY_CONVERSION_CANDIDATE,PENDING
777412,Plastik Opp 10X30,PCS,PCS,1.0,1.0,NO_PACKAGING_LAYER,DETECTOR,LEGACY_CONVERSION_CANDIDATE,PENDING
777413,PLASTIK ROTI TAWAR HD VOL 11,PCS,PCS,1.0,1.0,NO_PACKAGING_LAYER,DETECTOR,LEGACY_CONVERSION_CANDIDATE,PENDING
777414,PLASTIK ROTI TAWAR HD VOL 22,PCS,PCS,1.0,1.0,NO_PACKAGING_LAYER,DETECTOR,LEGACY_CONVERSION_CANDIDATE,PENDING
777415,PLASTIK ROTI SISIR 18X27,PCS,PCS,1.0,1.0,NO_PACKAGING_LAYER,DETECTOR,LEGACY_CONVERSION_CANDIDATE,PENDING
777417,PLASTIK KAKU 17X35,PCS,PCS,49.0,49.0,SCM_LARGE_UNIT_TO_TRANSIT_BASE_UNIT_CANDIDATE,DETECTOR,LEGACY_CONVERSION_CANDIDATE,PENDING
777418,MIKA ROLL 8,METER,METER,50.0,50.0,SCM_LARGE_UNIT_TO_TRANSIT_BASE_UNIT_CANDIDATE,DETECTOR,LEGACY_CONVERSION_CANDIDATE,PENDING
777419,PLASTIK PE 50X85 CM,KG,KG,1.0,1.0,NO_PACKAGING_LAYER,DETECTOR,"LEGACY_CONVERSION_CANDIDATE,MOVEMENT_RECONCILIATION_REVIEW",PENDING
777420,PLASTIK HD POLOS 40X60,KG,KG,1.0,1.0,NO_PACKAGING_LAYER,DETECTOR,LEGACY_CONVERSION_CANDIDATE,PENDING
800101,Amanda Margarin @1X15Kg,KG,KG,15.0,15.0,SCM_LARGE_UNIT_TO_TRANSIT_BASE_UNIT_CANDIDATE,DETECTOR,"NAME_DERIVED_CANDIDATE,PACKAGE_STRUCTURE_UNCLEAR,LEGACY_CONVERSION_CANDIDATE",PENDING
800102,Goldbullion Flaky  Shortening Pastry,KG,KG,15.0,15.0,SCM_LARGE_UNIT_TO_TRANSIT_BASE_UNIT_CANDIDATE,DETECTOR,LEGACY_CONVERSION_CANDIDATE,PENDING
800103,Hollman Soft @ 15 Kg,KG,KG,15.0,15.0,SCM_LARGE_UNIT_TO_TRANSIT_BASE_UNIT_CANDIDATE,DETECTOR,"NAME_DERIVED_CANDIDATE,LEGACY_CONVERSION_CANDIDATE",PENDING
800104,Master Gioia Spesial Hd Mly @1X20 Kg,KG,KG,20.0,20.0,SCM_LARGE_UNIT_TO_TRANSIT_BASE_UNIT_CANDIDATE,DETECTOR,"NAME_DERIVED_CANDIDATE,PACKAGE_STRUCTURE_UNCLEAR,LEGACY_CONVERSION_CANDIDATE",PENDING
800201,Malinda Bakerfat @1X15Kg,KG,KG,15.0,15.0,SCM_LARGE_UNIT_TO_TRANSIT_BASE_UNIT_CANDIDATE,DETECTOR,"NAME_DERIVED_CANDIDATE,PACKAGE_STRUCTURE_UNCLEAR,LEGACY_CONVERSION_CANDIDATE",PENDING
800203,MENARA WHITE BKF SPESIAL 15KG,KG,KG,15.0,15.0,SCM_LARGE_UNIT_TO_TRANSIT_BASE_UNIT_CANDIDATE,DETECTOR,LEGACY_CONVERSION_CANDIDATE,PENDING
800400,Minyak Fortune @6X2Liter,LTR,LTR,12.0,12.0,SCM_LARGE_UNIT_TO_TRANSIT_BASE_UNIT_CANDIDATE,DETECTOR,"NAME_DERIVED_CANDIDATE,PACKAGE_STRUCTURE_UNCLEAR,LEGACY_CONVERSION_CANDIDATE",PENDING
800401,Minyak Fortune @18 Liter,LTR,LTR,18.0,18.0,SCM_LARGE_UNIT_TO_TRANSIT_BASE_UNIT_CANDIDATE,DETECTOR,"NAME_DERIVED_CANDIDATE,LEGACY_CONVERSION_CANDIDATE,MOVEMENT_RECONCILIATION_REVIEW",PENDING
800402,Minyak,LTR,LTR,12.0,12.0,SCM_LARGE_UNIT_TO_TRANSIT_BASE_UNIT_CANDIDATE,DETECTOR,LEGACY_CONVERSION_CANDIDATE,PENDING
800403,Minyak Kita @6 X 2 Liter,LTR,LTR,12.0,12.0,SCM_LARGE_UNIT_TO_TRANSIT_BASE_UNIT_CANDIDATE,DETECTOR,"NAME_DERIVED_CANDIDATE,PACKAGE_STRUCTURE_UNCLEAR,LEGACY_CONVERSION_CANDIDATE",PENDING
800404,Minyak kunci mas 1x18L,KG,KG,1.0,1.0,NO_PACKAGING_LAYER,DETECTOR,LEGACY_CONVERSION_CANDIDATE,PENDING
800405,Minyak Sania @12 x 1 liter,LTR,LTR,,,NO_PACKAGING_EVIDENCE,DETECTOR,"IDENTITY_CONFLICT,NAME_DERIVED_CANDIDATE,PACKAGE_STRUCTURE_UNCLEAR",BLOCKED
800406,FILMA PUFF PASTRY@ 12 X 1 KG,KG,KG,12.0,12.0,SCM_LARGE_UNIT_TO_TRANSIT_BASE_UNIT_CANDIDATE,DETECTOR,"NAME_DERIVED_CANDIDATE,PACKAGE_STRUCTURE_UNCLEAR,LEGACY_CONVERSION_CANDIDATE",PENDING
800501,Orlando Bakers Fat @1X15Kg,KG,KG,15.0,15.0,SCM_LARGE_UNIT_TO_TRANSIT_BASE_UNIT_CANDIDATE,DETECTOR,"NAME_DERIVED_CANDIDATE,PACKAGE_STRUCTURE_UNCLEAR,LEGACY_CONVERSION_CANDIDATE",PENDING
800502,Palmia Bos @1X15Kg,KG,KG,15.0,15.0,SCM_LARGE_UNIT_TO_TRANSIT_BASE_UNIT_CANDIDATE,DETECTOR,"NAME_DERIVED_CANDIDATE,PACKAGE_STRUCTURE_UNCLEAR,LEGACY_CONVERSION_CANDIDATE",PENDING
800504,Palmia Dee Frying Fat @1X15Kg,KG,KG,15.0,15.0,SCM_LARGE_UNIT_TO_TRANSIT_BASE_UNIT_CANDIDATE,DETECTOR,"NAME_DERIVED_CANDIDATE,PACKAGE_STRUCTURE_UNCLEAR,LEGACY_CONVERSION_CANDIDATE",PENDING
800505,Palmia Pastry @1X15Kg,KG,KG,15.0,15.0,SCM_LARGE_UNIT_TO_TRANSIT_BASE_UNIT_CANDIDATE,DETECTOR,"NAME_DERIVED_CANDIDATE,PACKAGE_STRUCTURE_UNCLEAR,LEGACY_CONVERSION_CANDIDATE",PENDING
800506,Palmia Supercake @1X15Kg,KG,KG,15.0,15.0,SCM_LARGE_UNIT_TO_TRANSIT_BASE_UNIT_CANDIDATE,DETECTOR,"NAME_DERIVED_CANDIDATE,PACKAGE_STRUCTURE_UNCLEAR,LEGACY_CONVERSION_CANDIDATE",PENDING
800508,PALMIA MARGARINE PRIME 15kg,KG,KG,15.0,15.0,SCM_LARGE_UNIT_TO_TRANSIT_BASE_UNIT_CANDIDATE,DETECTOR,LEGACY_CONVERSION_CANDIDATE,PENDING
800509,MARGARIN DELILEN @15 KG,KG,KG,15.0,15.0,SCM_LARGE_UNIT_TO_TRANSIT_BASE_UNIT_CANDIDATE,DETECTOR,"NAME_DERIVED_CANDIDATE,LEGACY_CONVERSION_CANDIDATE",PENDING
800510,BUTTER WYSMAN,GR,GR,1000.0,1000.0,SCM_LARGE_UNIT_TO_TRANSIT_BASE_UNIT_CANDIDATE,DETECTOR,LEGACY_CONVERSION_CANDIDATE,PENDING
900101,Golden Brown Redvelvet,KG,KG,1.0,1.0,NO_PACKAGING_LAYER,DETECTOR,LEGACY_CONVERSION_CANDIDATE,PENDING
900102,K. H. Robert,KG,KG,1.0,1.0,NO_PACKAGING_LAYER,DETECTOR,LEGACY_CONVERSION_CANDIDATE,PENDING
900103,Maglam Kopi,KG,KG,1.0,1.0,NO_PACKAGING_LAYER,DETECTOR,LEGACY_CONVERSION_CANDIDATE,PENDING
900104,Maglam Pasta Tiramisu @1Kg,KG,KG,1.0,1.0,NO_PACKAGING_LAYER,DETECTOR,"NAME_DERIVED_CANDIDATE,LEGACY_CONVERSION_CANDIDATE",PENDING
900105,Maglam Pasta Greentea @1Kg,KG,KG,1.0,1.0,NO_PACKAGING_LAYER,DETECTOR,"NAME_DERIVED_CANDIDATE,LEGACY_CONVERSION_CANDIDATE",PENDING
900106,Bahan Tambahan Bolu Gulung Ekonomis,PCS,PCS,1.0,1.0,NO_PACKAGING_LAYER,DETECTOR,LEGACY_CONVERSION_CANDIDATE,PENDING
900107,MAGLAM PASTA TARO @1KG,KG,KG,1.0,1.0,NO_PACKAGING_LAYER,DETECTOR,"NAME_DERIVED_CANDIDATE,LEGACY_CONVERSION_CANDIDATE",PENDING
900108,MAGLAM PASTA TARO TALAS MERAH @1KG,KG,KG,1.0,1.0,NO_PACKAGING_LAYER,DETECTOR,"NAME_DERIVED_CANDIDATE,LEGACY_CONVERSION_CANDIDATE",PENDING
900201,Pasta Durian Redbell,ML,ML,55.0,55.0,SCM_LARGE_UNIT_TO_TRANSIT_BASE_UNIT_CANDIDATE,DETECTOR,LEGACY_CONVERSION_CANDIDATE,PENDING
900202,Pasta Grape Cap Kupu-Kupu,PCS,PCS,72.0,72.0,SCM_LARGE_UNIT_TO_TRANSIT_BASE_UNIT_CANDIDATE,DETECTOR,LEGACY_CONVERSION_CANDIDATE,PENDING
900203,Pasta Greentea Toefico,KG,KG,1.0,1.0,NO_PACKAGING_LAYER,DETECTOR,LEGACY_CONVERSION_CANDIDATE,PENDING
900204,Pasta Mango @1Kg,KG,KG,1.0,1.0,NO_PACKAGING_LAYER,DETECTOR,"NAME_DERIVED_CANDIDATE,LEGACY_CONVERSION_CANDIDATE",PENDING
900205,Pasta Mocca Cap Kupu-Kupu @6X12X60Ml,PCS,PCS,72.0,72.0,SCM_LARGE_UNIT_TO_TRANSIT_BASE_UNIT_CANDIDATE,DETECTOR,"NAME_DERIVED_CANDIDATE,PACKAGE_STRUCTURE_UNCLEAR,LEGACY_CONVERSION_CANDIDATE",PENDING
900206,Pasta Pandan @ 1 Kg,KG,KG,1.0,1.0,NO_PACKAGING_LAYER,DETECTOR,"NAME_DERIVED_CANDIDATE,LEGACY_CONVERSION_CANDIDATE",PENDING
900207,Pasta Pandan Cap Kupu-Kupu @6X12X60Ml,PCS,PCS,72.0,72.0,SCM_LARGE_UNIT_TO_TRANSIT_BASE_UNIT_CANDIDATE,DETECTOR,"NAME_DERIVED_CANDIDATE,PACKAGE_STRUCTURE_UNCLEAR,LEGACY_CONVERSION_CANDIDATE",PENDING
900208,Pasta Strawberry Cap Kupu-Kupu,PCS,PCS,6.0,6.0,SCM_LARGE_UNIT_TO_TRANSIT_BASE_UNIT_CANDIDATE,DETECTOR,LEGACY_CONVERSION_CANDIDATE,PENDING
900209,Pasta Talas Expo,KG,KG,1.0,1.0,NO_PACKAGING_LAYER,DETECTOR,LEGACY_CONVERSION_CANDIDATE,PENDING
900210,Pasta Taro Brehmen,KG,KG,1.0,1.0,NO_PACKAGING_LAYER,DETECTOR,LEGACY_CONVERSION_CANDIDATE,PENDING
900211,PASTA COKLAT KUPU-KUPU  60ML,PCS,PCS,6.0,6.0,SCM_LARGE_UNIT_TO_TRANSIT_BASE_UNIT_CANDIDATE,DETECTOR,LEGACY_CONVERSION_CANDIDATE,PENDING
900212,PASTA MOHLER COKLAT 60GR,PCS,PCS,1.0,1.0,NO_PACKAGING_LAYER,DETECTOR,LEGACY_CONVERSION_CANDIDATE,PENDING
900213,PASTA MOHLER STRAWBERRY 60GR,PCS,PCS,1.0,1.0,NO_PACKAGING_LAYER,DETECTOR,LEGACY_CONVERSION_CANDIDATE,PENDING
900214,PASTA MOHLER RED VELVET 60GR,PCS,PCS,1.0,1.0,NO_PACKAGING_LAYER,DETECTOR,LEGACY_CONVERSION_CANDIDATE,PENDING
900215,PASTA MOHLER COKLAT 1KG,PCS,PCS,1.0,1.0,NO_PACKAGING_LAYER,DETECTOR,LEGACY_CONVERSION_CANDIDATE,PENDING
900216,PASTA MOHLER RED VELVET 1KG,PCS,PCS,1.0,1.0,NO_PACKAGING_LAYER,DETECTOR,LEGACY_CONVERSION_CANDIDATE,PENDING
900217,PASTA MOHLER PANDAN 1KG,PCS,PCS,1.0,1.0,NO_PACKAGING_LAYER,DETECTOR,LEGACY_CONVERSION_CANDIDATE,PENDING
900218,PASTA MOHLER STRAWBERRY 1KG,PCS,PCS,1.0,1.0,NO_PACKAGING_LAYER,DETECTOR,LEGACY_CONVERSION_CANDIDATE,PENDING
900219,MOHLER CHERRY RED COLORING 1Kg,KG,KG,1.0,1.0,NO_PACKAGING_LAYER,DETECTOR,LEGACY_CONVERSION_CANDIDATE,PENDING
900220,MOHLER PANDAN GREEN COLORING 1Kg,KG,KG,1.0,1.0,NO_PACKAGING_LAYER,DETECTOR,LEGACY_CONVERSION_CANDIDATE,PENDING
900221,MOHLER PANDAN ORANGE COLORING 1Kg,KG,KG,1.0,1.0,NO_PACKAGING_LAYER,DETECTOR,LEGACY_CONVERSION_CANDIDATE,PENDING
900222,PERISA SUSU,ML,ML,30.0,30.0,SCM_LARGE_UNIT_TO_TRANSIT_BASE_UNIT_CANDIDATE,DETECTOR,LEGACY_CONVERSION_CANDIDATE,PENDING
900223,MOHLER EGG YELLOW COLORING 1kg,KG,KG,1.0,1.0,NO_PACKAGING_LAYER,DETECTOR,LEGACY_CONVERSION_CANDIDATE,PENDING
900225,TOFFIECO VANILLA @ 1 KG,GR,GR,1000.0,1000.0,SCM_LARGE_UNIT_TO_TRANSIT_BASE_UNIT_CANDIDATE,DETECTOR,"NAME_DERIVED_CANDIDATE,LEGACY_CONVERSION_CANDIDATE,CONVERSION_CONFLICT",PENDING
900226,PASTA TOFIECO BLUEBERRY,KG,KG,1.0,1.0,NO_PACKAGING_LAYER,DETECTOR,LEGACY_CONVERSION_CANDIDATE,PENDING
900227,PEWARNA HITAM CAP KUPU-KUPU,PCS,PCS,1.0,1.0,NO_PACKAGING_LAYER,DETECTOR,LEGACY_CONVERSION_CANDIDATE,PENDING
900228,PEWARNA PINK CAP KUPU-KUPU,PCS,PCS,1000.0,1000.0,SCM_LARGE_UNIT_TO_TRANSIT_BASE_UNIT_CANDIDATE,DETECTOR,LEGACY_CONVERSION_CANDIDATE,PENDING
900229,PEWARNA BIRU CAP KUPU-KUPU,PCS,PCS,30.0,30.0,SCM_LARGE_UNIT_TO_TRANSIT_BASE_UNIT_CANDIDATE,DETECTOR,LEGACY_CONVERSION_CANDIDATE,PENDING
900231,PEWARNA COKLAT CAP KUPU-KUPU,PCS,PCS,30.0,30.0,SCM_LARGE_UNIT_TO_TRANSIT_BASE_UNIT_CANDIDATE,DETECTOR,LEGACY_CONVERSION_CANDIDATE,PENDING
900232,PEWARNA ORANGE CAP KUPU-KUPU,PCS,PCS,30.0,30.0,SCM_LARGE_UNIT_TO_TRANSIT_BASE_UNIT_CANDIDATE,DETECTOR,LEGACY_CONVERSION_CANDIDATE,PENDING
900233,PEWARNA HIJAU TUA CAP KUPU-KUPU,PCS,PCS,30.0,30.0,SCM_LARGE_UNIT_TO_TRANSIT_BASE_UNIT_CANDIDATE,DETECTOR,LEGACY_CONVERSION_CANDIDATE,PENDING
900234,PEWARNA CROSS  BLACK PHANTOM @60ML,ML,ML,60.0,60.0,SCM_LARGE_UNIT_TO_TRANSIT_BASE_UNIT_CANDIDATE,DETECTOR,"NAME_DERIVED_CANDIDATE,LEGACY_CONVERSION_CANDIDATE",PENDING
900235,PEWARNA CROSS  SUPER RED @60ML,ML,ML,60.0,60.0,SCM_LARGE_UNIT_TO_TRANSIT_BASE_UNIT_CANDIDATE,DETECTOR,"NAME_DERIVED_CANDIDATE,LEGACY_CONVERSION_CANDIDATE",PENDING
900236,PEWARNA CROSS  PINK @60ML,ML,ML,60.0,60.0,SCM_LARGE_UNIT_TO_TRANSIT_BASE_UNIT_CANDIDATE,DETECTOR,"NAME_DERIVED_CANDIDATE,LEGACY_CONVERSION_CANDIDATE",PENDING
900237,PEWARNA CROSS  HIJAU @60ML,ML,ML,60.0,60.0,SCM_LARGE_UNIT_TO_TRANSIT_BASE_UNIT_CANDIDATE,DETECTOR,"NAME_DERIVED_CANDIDATE,LEGACY_CONVERSION_CANDIDATE",PENDING
900238,PEWARNA CROSS  VIOLET @60ML,ML,ML,60.0,60.0,SCM_LARGE_UNIT_TO_TRANSIT_BASE_UNIT_CANDIDATE,DETECTOR,"NAME_DERIVED_CANDIDATE,LEGACY_CONVERSION_CANDIDATE",PENDING
900239,PEWARNA CROSS  ROYAL BLUE @60ML,ML,ML,60.0,60.0,SCM_LARGE_UNIT_TO_TRANSIT_BASE_UNIT_CANDIDATE,DETECTOR,"NAME_DERIVED_CANDIDATE,LEGACY_CONVERSION_CANDIDATE",PENDING
900240,PEWARNA CROSS  SKY  BLUE @60ML,ML,ML,60.0,60.0,SCM_LARGE_UNIT_TO_TRANSIT_BASE_UNIT_CANDIDATE,DETECTOR,"DUPLICATE_SOURCE_ROW,NAME_DERIVED_CANDIDATE,LEGACY_CONVERSION_CANDIDATE",PENDING
900241,PASTA PANDAN LION BROTHER @25 KG,KG,KG,25.0,25.0,SCM_LARGE_UNIT_TO_TRANSIT_BASE_UNIT_CANDIDATE,DETECTOR,"NAME_DERIVED_CANDIDATE,LEGACY_CONVERSION_CANDIDATE",PENDING
900242,PEWARNA CROSS  BLACK PHANTOM @450ML,ML,ML,450.0,450.0,SCM_LARGE_UNIT_TO_TRANSIT_BASE_UNIT_CANDIDATE,DETECTOR,"NAME_DERIVED_CANDIDATE,LEGACY_CONVERSION_CANDIDATE",PENDING
900243,PEWARNA CROSS SUPER RED @450ML,ML,ML,450.0,450.0,SCM_LARGE_UNIT_TO_TRANSIT_BASE_UNIT_CANDIDATE,DETECTOR,"NAME_DERIVED_CANDIDATE,LEGACY_CONVERSION_CANDIDATE",PENDING
900244,PEWARNA CROSS  CHOCOLATE @450ML,ML,ML,450.0,450.0,SCM_LARGE_UNIT_TO_TRANSIT_BASE_UNIT_CANDIDATE,DETECTOR,"NAME_DERIVED_CANDIDATE,LEGACY_CONVERSION_CANDIDATE",PENDING
900245,PEWARNA CROSS  ROYAL BLUE @450ML,ML,ML,450.0,450.0,SCM_LARGE_UNIT_TO_TRANSIT_BASE_UNIT_CANDIDATE,DETECTOR,"NAME_DERIVED_CANDIDATE,LEGACY_CONVERSION_CANDIDATE",PENDING
900246,PEWARNA CROSS HIJAU @450ML,ML,ML,450.0,450.0,SCM_LARGE_UNIT_TO_TRANSIT_BASE_UNIT_CANDIDATE,DETECTOR,"NAME_DERIVED_CANDIDATE,LEGACY_CONVERSION_CANDIDATE",PENDING
900247,PEWARNA CROSS VIOLET @450ML,ML,ML,450.0,450.0,SCM_LARGE_UNIT_TO_TRANSIT_BASE_UNIT_CANDIDATE,DETECTOR,"NAME_DERIVED_CANDIDATE,LEGACY_CONVERSION_CANDIDATE",PENDING
900248,PEWARNA CROSS EGG YELLOW @450ML,ML,ML,450.0,450.0,SCM_LARGE_UNIT_TO_TRANSIT_BASE_UNIT_CANDIDATE,DETECTOR,"NAME_DERIVED_CANDIDATE,LEGACY_CONVERSION_CANDIDATE",PENDING
900249,PEWARNA CROSS SKY BLUE @450 ML,ML,ML,450.0,450.0,SCM_LARGE_UNIT_TO_TRANSIT_BASE_UNIT_CANDIDATE,DETECTOR,"NAME_DERIVED_CANDIDATE,LEGACY_CONVERSION_CANDIDATE",PENDING
900250,PEWARNA CROSS ROSE PINK @450 ML,ML,ML,450.0,450.0,SCM_LARGE_UNIT_TO_TRANSIT_BASE_UNIT_CANDIDATE,DETECTOR,"NAME_DERIVED_CANDIDATE,LEGACY_CONVERSION_CANDIDATE",PENDING
900251,PEWARNA CROSS EGG YELLOW @60ML,ML,ML,60.0,60.0,SCM_LARGE_UNIT_TO_TRANSIT_BASE_UNIT_CANDIDATE,DETECTOR,"DUPLICATE_SOURCE_ROW,NAME_DERIVED_CANDIDATE,LEGACY_CONVERSION_CANDIDATE",PENDING
900252,PASTA REDBELL TARO 55 ML,PCS,PCS,6.0,6.0,SCM_LARGE_UNIT_TO_TRANSIT_BASE_UNIT_CANDIDATE,DETECTOR,LEGACY_CONVERSION_CANDIDATE,PENDING
900301,Pewarna Kuning Muda Cap Kupu-Kupu@12X12X15Ml,PCS,PCS,144.0,144.0,SCM_LARGE_UNIT_TO_TRANSIT_BASE_UNIT_CANDIDATE,DETECTOR,"NAME_DERIVED_CANDIDATE,PACKAGE_STRUCTURE_UNCLEAR,LEGACY_CONVERSION_CANDIDATE",PENDING
900302,Rum Pasta,ML,ML,1.0,1.0,NO_PACKAGING_LAYER,DETECTOR,LEGACY_CONVERSION_CANDIDATE,PENDING
900303,Sunquick Mango 650Ml @6Pail,PAIL,PAIL,6.0,6.0,SCM_LARGE_UNIT_TO_TRANSIT_BASE_UNIT_CANDIDATE,DETECTOR,"NAME_DERIVED_CANDIDATE,LEGACY_CONVERSION_CANDIDATE",PENDING
900304,Toefico Coklat,KG,KG,1.0,1.0,NO_PACKAGING_LAYER,DETECTOR,LEGACY_CONVERSION_CANDIDATE,PENDING
900305,Transfer Image Avocado,PACK,PACK,1.0,1.0,NO_PACKAGING_LAYER,DETECTOR,LEGACY_CONVERSION_CANDIDATE,PENDING
900306,Vanila Essens,PCS,PCS,1.0,1.0,NO_PACKAGING_LAYER,DETECTOR,LEGACY_CONVERSION_CANDIDATE,PENDING
900307,SUNQUICK MANGO 800ML @6PAIL,PAIL,PAIL,6.0,6.0,SCM_LARGE_UNIT_TO_TRANSIT_BASE_UNIT_CANDIDATE,DETECTOR,"NAME_DERIVED_CANDIDATE,LEGACY_CONVERSION_CANDIDATE",PENDING
900308,PEWARNA MERAH CABE KUPU-KUPU 30ML,PCS,PCS,6.0,6.0,SCM_LARGE_UNIT_TO_TRANSIT_BASE_UNIT_CANDIDATE,DETECTOR,LEGACY_CONVERSION_CANDIDATE,PENDING
900309,PEWARNA KUNING TUA KUPU-KUPU 30ML,PCS,PCS,6.0,6.0,SCM_LARGE_UNIT_TO_TRANSIT_BASE_UNIT_CANDIDATE,DETECTOR,LEGACY_CONVERSION_CANDIDATE,PENDING
900310,PEWARNA HIJAU MUDA 30ML,PCS,PCS,6.0,6.0,SCM_LARGE_UNIT_TO_TRANSIT_BASE_UNIT_CANDIDATE,DETECTOR,LEGACY_CONVERSION_CANDIDATE,PENDING
900311,PEWARNA MOHLER RED CERI 30GR,PCS,PCS,1.0,1.0,NO_PACKAGING_LAYER,DETECTOR,LEGACY_CONVERSION_CANDIDATE,PENDING
900312,PEWARNA MOHLER HIJAU PANDAN 30GR,PCS,PCS,1.0,1.0,NO_PACKAGING_LAYER,DETECTOR,LEGACY_CONVERSION_CANDIDATE,PENDING
900313,PEWARNA MOHLER ORANGE 30GR,PCS,PCS,1.0,1.0,NO_PACKAGING_LAYER,DETECTOR,LEGACY_CONVERSION_CANDIDATE,PENDING
900314,PEWARNA PUTIH CAP KUPU-KUPU,PCS,PCS,1.0,1.0,NO_PACKAGING_LAYER,DETECTOR,LEGACY_CONVERSION_CANDIDATE,PENDING
900315,PEWARNA UNGU CAP KUPU-KUPU,PCS,PCS,1.0,1.0,NO_PACKAGING_LAYER,DETECTOR,LEGACY_CONVERSION_CANDIDATE,PENDING
900401,Warna Chocolate @5Liter,LTR,LTR,5.0,5.0,SCM_LARGE_UNIT_TO_TRANSIT_BASE_UNIT_CANDIDATE,DETECTOR,"NAME_DERIVED_CANDIDATE,LEGACY_CONVERSION_CANDIDATE",PENDING
900402,Warna Egg Yellow @5Liter,LTR,LTR,5.0,5.0,SCM_LARGE_UNIT_TO_TRANSIT_BASE_UNIT_CANDIDATE,DETECTOR,"NAME_DERIVED_CANDIDATE,LEGACY_CONVERSION_CANDIDATE",PENDING
900403,Warna Leaf Green @5Liter,LTR,LTR,5.0,5.0,SCM_LARGE_UNIT_TO_TRANSIT_BASE_UNIT_CANDIDATE,DETECTOR,"NAME_DERIVED_CANDIDATE,LEGACY_CONVERSION_CANDIDATE",PENDING
900404,Warna Lemon Yellow @5Liter,LTR,LTR,5.0,5.0,SCM_LARGE_UNIT_TO_TRANSIT_BASE_UNIT_CANDIDATE,DETECTOR,"NAME_DERIVED_CANDIDATE,LEGACY_CONVERSION_CANDIDATE",PENDING
900405,Warna Redcherry @5Liter,LTR,LTR,5.0,5.0,SCM_LARGE_UNIT_TO_TRANSIT_BASE_UNIT_CANDIDATE,DETECTOR,"NAME_DERIVED_CANDIDATE,LEGACY_CONVERSION_CANDIDATE",PENDING
900406,Warna Rose Pink @5Liter,LTR,LTR,5.0,5.0,SCM_LARGE_UNIT_TO_TRANSIT_BASE_UNIT_CANDIDATE,DETECTOR,"NAME_DERIVED_CANDIDATE,LEGACY_CONVERSION_CANDIDATE",PENDING
900407,Warna Sky Blue @5Liter,LTR,LTR,5.0,5.0,SCM_LARGE_UNIT_TO_TRANSIT_BASE_UNIT_CANDIDATE,DETECTOR,"NAME_DERIVED_CANDIDATE,LEGACY_CONVERSION_CANDIDATE",PENDING
900408,Warna Sweet Black @5Liter,LTR,LTR,5.0,5.0,SCM_LARGE_UNIT_TO_TRANSIT_BASE_UNIT_CANDIDATE,DETECTOR,"NAME_DERIVED_CANDIDATE,LEGACY_CONVERSION_CANDIDATE",PENDING
900501,Wilton Blackforest @1Liter,KG,KG,1.0,1.0,NO_PACKAGING_LAYER,DETECTOR,"NAME_DERIVED_CANDIDATE,LEGACY_CONVERSION_CANDIDATE",PENDING
999101,Bahan Tambahan Bolu Pisang,PCS,PCS,1.0,1.0,NO_PACKAGING_LAYER,DETECTOR,LEGACY_CONVERSION_CANDIDATE,PENDING
999102,Bahan Tambahan Lapis Talas,PCS,PCS,1.0,1.0,NO_PACKAGING_LAYER,DETECTOR,LEGACY_CONVERSION_CANDIDATE,PENDING
999103,Bahan Tambahan lapis surabaya,PCS,PCS,1.0,1.0,NO_PACKAGING_LAYER,DETECTOR,LEGACY_CONVERSION_CANDIDATE,PENDING
999104,Bahan Tambahan Tart,PCS,PCS,1.0,1.0,NO_PACKAGING_LAYER,DETECTOR,LEGACY_CONVERSION_CANDIDATE,PENDING
999105,Bahan Tambahan Brownies,PCS,PCS,1.0,1.0,NO_PACKAGING_LAYER,DETECTOR,LEGACY_CONVERSION_CANDIDATE,PENDING
999106,BAHAN TAMBAHAN BOLU PISANG SETENGAH,PCS,PCS,1.0,1.0,NO_PACKAGING_LAYER,DETECTOR,LEGACY_CONVERSION_CANDIDATE,PENDING
999107,BAHAN TAMBAHAN LAPIS TALAS SETENGAH,PCS,PCS,1.0,1.0,NO_PACKAGING_LAYER,DETECTOR,LEGACY_CONVERSION_CANDIDATE,PENDING
999108,BAHAN TAMBAHAN BROWNIES SETENGAH,PCS,PCS,1.0,1.0,NO_PACKAGING_LAYER,DETECTOR,LEGACY_CONVERSION_CANDIDATE,PENDING
999109,BAHAN TAMBAHAN TART SETENGAH,PCS,PCS,1.0,1.0,NO_PACKAGING_LAYER,DETECTOR,LEGACY_CONVERSION_CANDIDATE,PENDING
999110,Bahan Tambahan Chiffon Sensasi,PCS,PCS,1.0,1.0,NO_PACKAGING_LAYER,DETECTOR,LEGACY_CONVERSION_CANDIDATE,PENDING
999201,Mentega Cair,KG,KG,15.0,15.0,SCM_LARGE_UNIT_TO_TRANSIT_BASE_UNIT_CANDIDATE,DETECTOR,LEGACY_CONVERSION_CANDIDATE,PENDING
999208,PREMIX MENTEGA BASIC,KG,KG,1.0,15.0,SCM_LARGE_UNIT_TO_TRANSIT_BASE_UNIT_CONFIRMED,BUSINESS_CONFIRMED,"LEGACY_CONVERSION_CANDIDATE,BUSINESS_CONFIRMED_OVERRIDE",APPROVED
999209,PREMIX MENTEGA ROTI,KG,KG,1.0,15.0,SCM_LARGE_UNIT_TO_TRANSIT_BASE_UNIT_CONFIRMED,BUSINESS_CONFIRMED,"LEGACY_CONVERSION_CANDIDATE,BUSINESS_CONFIRMED_OVERRIDE",APPROVED
999210,PREMIX MENTEGA DUBAI,PCS,PCS,15.0,15.0,SCM_LARGE_UNIT_TO_TRANSIT_BASE_UNIT_CANDIDATE,DETECTOR,LEGACY_CONVERSION_CANDIDATE,PENDING
999301,Cairan Brownies,PCS,PCS,1.0,1.0,NO_PACKAGING_LAYER,DETECTOR,LEGACY_CONVERSION_CANDIDATE,PENDING
999302,Cairan Cream,PCS,PCS,1.0,1.0,NO_PACKAGING_LAYER,DETECTOR,LEGACY_CONVERSION_CANDIDATE,PENDING
999401,Premix Gula Bf Dekor,PCS,PCS,1.0,1.0,NO_PACKAGING_LAYER,DETECTOR,LEGACY_CONVERSION_CANDIDATE,PENDING
999402,Premix Gula Bollen,PCS,PCS,1.0,1.0,NO_PACKAGING_LAYER,DETECTOR,LEGACY_CONVERSION_CANDIDATE,PENDING
999403,Premix Gula Bolu Pisang,PCS,PCS,1.0,1.0,NO_PACKAGING_LAYER,DETECTOR,LEGACY_CONVERSION_CANDIDATE,PENDING
999404,Premix Gula Brownies,PCS,PCS,1.0,1.0,NO_PACKAGING_LAYER,DETECTOR,LEGACY_CONVERSION_CANDIDATE,PENDING
999405,Premix Gula Chocoroll,PCS,PCS,1.0,1.0,NO_PACKAGING_LAYER,DETECTOR,LEGACY_CONVERSION_CANDIDATE,PENDING
999406,Premix Gula Lapis Talas,PCS,PCS,1.0,1.0,NO_PACKAGING_LAYER,DETECTOR,LEGACY_CONVERSION_CANDIDATE,PENDING
999407,Premix Gula Milkbath,PCS,PCS,1.0,1.0,NO_PACKAGING_LAYER,DETECTOR,LEGACY_CONVERSION_CANDIDATE,PENDING
999408,Premix Gula Rainbow,PCS,PCS,1.0,1.0,NO_PACKAGING_LAYER,DETECTOR,LEGACY_CONVERSION_CANDIDATE,PENDING
999409,Premix Gula Roti Manis,PCS,PCS,1.0,1.0,NO_PACKAGING_LAYER,DETECTOR,LEGACY_CONVERSION_CANDIDATE,PENDING
999410,Premix Gula Roti Tawar,PCS,PCS,1.0,1.0,NO_PACKAGING_LAYER,DETECTOR,LEGACY_CONVERSION_CANDIDATE,PENDING
999411,Premix Gula Sby Dekor,PCS,PCS,1.0,1.0,NO_PACKAGING_LAYER,DETECTOR,LEGACY_CONVERSION_CANDIDATE,PENDING
999412,Premix Gula lapis surabaya,PCS,PCS,1.0,1.0,NO_PACKAGING_LAYER,DETECTOR,LEGACY_CONVERSION_CANDIDATE,PENDING
999413,Premix Gula Tart,PCS,PCS,1.0,1.0,NO_PACKAGING_LAYER,DETECTOR,LEGACY_CONVERSION_CANDIDATE,PENDING
999414,Premix Gula Roll Cake,PCS,PCS,1.0,1.0,NO_PACKAGING_LAYER,DETECTOR,LEGACY_CONVERSION_CANDIDATE,PENDING
999415,Premix Gula Sponge Cake Coklat,PCS,PCS,1.0,1.0,NO_PACKAGING_LAYER,DETECTOR,LEGACY_CONVERSION_CANDIDATE,PENDING
999416,Premix Gula Sponge Cake Vanila,PCS,PCS,1.0,1.0,NO_PACKAGING_LAYER,DETECTOR,LEGACY_CONVERSION_CANDIDATE,PENDING
999417,Premix Gula Hole Tiramisu,PCS,PCS,1.0,1.0,NO_PACKAGING_LAYER,DETECTOR,LEGACY_CONVERSION_CANDIDATE,PENDING
999419,Premix Gula Sus,PCS,PCS,1.0,1.0,NO_PACKAGING_LAYER,DETECTOR,LEGACY_CONVERSION_CANDIDATE,PENDING
999420,Premix Gula Mochi,PCS,PCS,1.0,1.0,NO_PACKAGING_LAYER,DETECTOR,LEGACY_CONVERSION_CANDIDATE,PENDING
999421,Premix Gula Bolu Ketan,PCS,PCS,1.0,1.0,NO_PACKAGING_LAYER,DETECTOR,LEGACY_CONVERSION_CANDIDATE,PENDING
999422,Premix Gula Bolu Tape,PCS,PCS,1.0,1.0,NO_PACKAGING_LAYER,DETECTOR,LEGACY_CONVERSION_CANDIDATE,PENDING
999423,Premix Gula Cake Flower,PCS,PCS,1.0,1.0,NO_PACKAGING_LAYER,DETECTOR,LEGACY_CONVERSION_CANDIDATE,PENDING
999424,Premix Gula bolu gulung Ekonomis,PCS,PCS,1.0,1.0,NO_PACKAGING_LAYER,DETECTOR,LEGACY_CONVERSION_CANDIDATE,PENDING
999425,Gula Pasir Kiloan,KG,KG,1.0,1.0,NO_PACKAGING_LAYER,DETECTOR,LEGACY_CONVERSION_CANDIDATE,PENDING
999427,PREMIX GULA CROMBOLONI,PCS,PCS,1.0,1.0,NO_PACKAGING_LAYER,DETECTOR,LEGACY_CONVERSION_CANDIDATE,PENDING
999428,Premix gula chiffon sensasi,PCS,PCS,1.0,1.0,NO_PACKAGING_LAYER,DETECTOR,LEGACY_CONVERSION_CANDIDATE,PENDING
999429,PREMIX GULA BOLU PISANG SETENGAH,PCS,PCS,1.0,1.0,NO_PACKAGING_LAYER,DETECTOR,LEGACY_CONVERSION_CANDIDATE,PENDING
999430,PREMIX GULA TALAS SETENGAH,PCS,PCS,1.0,1.0,NO_PACKAGING_LAYER,DETECTOR,LEGACY_CONVERSION_CANDIDATE,PENDING
999431,PREMIX GULA BROWNIES SETENGAH,PCS,PCS,1.0,1.0,NO_PACKAGING_LAYER,DETECTOR,LEGACY_CONVERSION_CANDIDATE,PENDING
999432,PREMIX GULA TART SETENGAH,PCS,PCS,1.0,1.0,NO_PACKAGING_LAYER,DETECTOR,LEGACY_CONVERSION_CANDIDATE,PENDING
999433,PREMIX GULA ROTI TAWAR EKONOMIS,PCS,PCS,1.0,1.0,NO_PACKAGING_LAYER,DETECTOR,LEGACY_CONVERSION_CANDIDATE,PENDING
999434,Premix gula chiffon sensasi coklat,PCS,PCS,1.0,1.0,NO_PACKAGING_LAYER,DETECTOR,LEGACY_CONVERSION_CANDIDATE,PENDING
999501,Soda Bolu Pisang,PCS,PCS,1.0,1.0,NO_PACKAGING_LAYER,DETECTOR,LEGACY_CONVERSION_CANDIDATE,PENDING
999502,SODA BOLU PISANG SETENGAH,PCS,PCS,1.0,1.0,NO_PACKAGING_LAYER,DETECTOR,LEGACY_CONVERSION_CANDIDATE,PENDING
999601,Sp Bolu Pisang,PCS,PCS,1.0,1.0,NO_PACKAGING_LAYER,DETECTOR,LEGACY_CONVERSION_CANDIDATE,PENDING
999602,Sp Brownies,PCS,PCS,1.0,1.0,NO_PACKAGING_LAYER,DETECTOR,LEGACY_CONVERSION_CANDIDATE,PENDING
999603,Sp Chocoroll,PCS,PCS,1.0,1.0,NO_PACKAGING_LAYER,DETECTOR,LEGACY_CONVERSION_CANDIDATE,PENDING
999604,Sp Jappanese Cake,PCS,PCS,1.0,1.0,NO_PACKAGING_LAYER,DETECTOR,LEGACY_CONVERSION_CANDIDATE,PENDING
999605,Sp Lapis Talas,PCS,PCS,1.0,1.0,NO_PACKAGING_LAYER,DETECTOR,LEGACY_CONVERSION_CANDIDATE,PENDING
999606,Sp lapis surabaya,PCS,PCS,1.0,1.0,NO_PACKAGING_LAYER,DETECTOR,LEGACY_CONVERSION_CANDIDATE,PENDING
999607,Sp Tart,PCS,PCS,1.0,1.0,NO_PACKAGING_LAYER,DETECTOR,LEGACY_CONVERSION_CANDIDATE,PENDING
999608,Sp Milkbath,PCS,PCS,1.0,1.0,NO_PACKAGING_LAYER,DETECTOR,LEGACY_CONVERSION_CANDIDATE,PENDING
999609,Sp Cair Milkbath,PCS,PCS,1.0,1.0,NO_PACKAGING_LAYER,DETECTOR,LEGACY_CONVERSION_CANDIDATE,PENDING
999610,Sp Roll Cake,PCS,PCS,1.0,1.0,NO_PACKAGING_LAYER,DETECTOR,LEGACY_CONVERSION_CANDIDATE,PENDING
999611,Sp Sponge Cake Coklat,PCS,PCS,1.0,1.0,NO_PACKAGING_LAYER,DETECTOR,LEGACY_CONVERSION_CANDIDATE,PENDING
999612,Sp Sponge Cake Vanila,PCS,PCS,1.0,1.0,NO_PACKAGING_LAYER,DETECTOR,LEGACY_CONVERSION_CANDIDATE,PENDING
999613,Sp Tiramisu,PCS,PCS,1.0,1.0,NO_PACKAGING_LAYER,DETECTOR,LEGACY_CONVERSION_CANDIDATE,PENDING
999614,Sp Bolu Ketan,PCS,PCS,1.0,1.0,NO_PACKAGING_LAYER,DETECTOR,LEGACY_CONVERSION_CANDIDATE,PENDING
999615,Sp Hole Tiramisu,PCS,PCS,1.0,1.0,NO_PACKAGING_LAYER,DETECTOR,LEGACY_CONVERSION_CANDIDATE,PENDING
999616,Sp Bolu Tape,PCS,PCS,1.0,1.0,NO_PACKAGING_LAYER,DETECTOR,LEGACY_CONVERSION_CANDIDATE,PENDING
999617,Sp Cake Flower,PCS,PCS,1.0,1.0,NO_PACKAGING_LAYER,DETECTOR,LEGACY_CONVERSION_CANDIDATE,PENDING
999618,Sp bolu gulung Ekonomis,PCS,PCS,1.0,1.0,NO_PACKAGING_LAYER,DETECTOR,LEGACY_CONVERSION_CANDIDATE,PENDING
999619,SP KILOAN,KG,KG,1.0,1.0,NO_PACKAGING_LAYER,DETECTOR,LEGACY_CONVERSION_CANDIDATE,PENDING
999620,SP Sarang keju,PCS,PCS,1.0,1.0,NO_PACKAGING_LAYER,DETECTOR,LEGACY_CONVERSION_CANDIDATE,PENDING
999621,EKL Roti manis,PCS,PCS,1.0,1.0,NO_PACKAGING_LAYER,DETECTOR,LEGACY_CONVERSION_CANDIDATE,PENDING
999622,SP Chiffon sensasi,PCS,PCS,1.0,1.0,NO_PACKAGING_LAYER,DETECTOR,LEGACY_CONVERSION_CANDIDATE,PENDING
999623,SP BF Dekor,PCS,PCS,1.0,1.0,NO_PACKAGING_LAYER,DETECTOR,LEGACY_CONVERSION_CANDIDATE,PENDING
999624,SP BOLU PISANG SETENGAH,PCS,PCS,1.0,1.0,NO_PACKAGING_LAYER,DETECTOR,LEGACY_CONVERSION_CANDIDATE,PENDING
999625,SP LAPIS TALAS SETENGAH,PCS,PCS,1.0,1.0,NO_PACKAGING_LAYER,DETECTOR,LEGACY_CONVERSION_CANDIDATE,PENDING
999626,SP BROWNIES SETENGAH,PCS,PCS,1.0,1.0,NO_PACKAGING_LAYER,DETECTOR,LEGACY_CONVERSION_CANDIDATE,PENDING
999627,SP TART SETENGAH,PCS,PCS,1.0,1.0,NO_PACKAGING_LAYER,DETECTOR,LEGACY_CONVERSION_CANDIDATE,PENDING
999628,SP chiffon sensasi coklat,PCS,PCS,1.0,1.0,NO_PACKAGING_LAYER,DETECTOR,LEGACY_CONVERSION_CANDIDATE,PENDING
999701,Premix Scm Bf Dekor,PCS,PCS,1.0,1.0,NO_PACKAGING_LAYER,DETECTOR,LEGACY_CONVERSION_CANDIDATE,PENDING
999703,Premix Scm Bollen,PCS,PCS,1.0,1.0,NO_PACKAGING_LAYER,DETECTOR,LEGACY_CONVERSION_CANDIDATE,PENDING
999704,Premix Scm Bolu Pisang,PCS,PCS,1.0,1.0,NO_PACKAGING_LAYER,DETECTOR,LEGACY_CONVERSION_CANDIDATE,PENDING
999705,Premix Scm Brownies,PCS,PCS,1.0,1.0,NO_PACKAGING_LAYER,DETECTOR,LEGACY_CONVERSION_CANDIDATE,PENDING
999706,Premix Scm Chocoroll,PCS,PCS,1.0,1.0,NO_PACKAGING_LAYER,DETECTOR,LEGACY_CONVERSION_CANDIDATE,PENDING
999707,Premix Scm Jappanese Cake,PCS,PCS,1.0,1.0,NO_PACKAGING_LAYER,DETECTOR,LEGACY_CONVERSION_CANDIDATE,PENDING
999708,Premix Scm Lapis Talas,PCS,PCS,1.0,1.0,NO_PACKAGING_LAYER,DETECTOR,LEGACY_CONVERSION_CANDIDATE,PENDING
999709,Premix Scm Milkbath,PCS,PCS,1.0,1.0,NO_PACKAGING_LAYER,DETECTOR,LEGACY_CONVERSION_CANDIDATE,PENDING
999710,Premix Scm Rainbow,PCS,PCS,1.0,1.0,NO_PACKAGING_LAYER,DETECTOR,LEGACY_CONVERSION_CANDIDATE,PENDING
999711,Premix Scm Roti Manis,PCS,PCS,1.0,1.0,NO_PACKAGING_LAYER,DETECTOR,LEGACY_CONVERSION_CANDIDATE,PENDING
999712,Premix Scm Roti Tawar,PCS,PCS,1.0,1.0,NO_PACKAGING_LAYER,DETECTOR,LEGACY_CONVERSION_CANDIDATE,PENDING
999713,Premix Scm Sby Dekor,PCS,PCS,1.0,1.0,NO_PACKAGING_LAYER,DETECTOR,LEGACY_CONVERSION_CANDIDATE,PENDING
999714,Premix Scm lapis surabaya,PCS,PCS,1.0,1.0,NO_PACKAGING_LAYER,DETECTOR,LEGACY_CONVERSION_CANDIDATE,PENDING
999715,Premix Scm Tart,PCS,PCS,1.0,1.0,NO_PACKAGING_LAYER,DETECTOR,LEGACY_CONVERSION_CANDIDATE,PENDING
999716,Premix Scm Roll Cake,PCS,PCS,1.0,1.0,NO_PACKAGING_LAYER,DETECTOR,LEGACY_CONVERSION_CANDIDATE,PENDING
999717,Premix Scm Sponge Cake Coklat,PCS,PCS,1.0,1.0,NO_PACKAGING_LAYER,DETECTOR,LEGACY_CONVERSION_CANDIDATE,PENDING
999718,Premix Scm Sponge Cake Vanila,PCS,PCS,1.0,1.0,NO_PACKAGING_LAYER,DETECTOR,LEGACY_CONVERSION_CANDIDATE,PENDING
999719,Premix Scm Hole Tiramisu,PCS,PCS,1.0,1.0,NO_PACKAGING_LAYER,DETECTOR,LEGACY_CONVERSION_CANDIDATE,PENDING
999720,Premix Scm Moulten,PCS,PCS,1.0,1.0,NO_PACKAGING_LAYER,DETECTOR,LEGACY_CONVERSION_CANDIDATE,PENDING
999721,Premix Scm Sus,PCS,PCS,1.0,1.0,NO_PACKAGING_LAYER,DETECTOR,LEGACY_CONVERSION_CANDIDATE,PENDING
999722,Premix Scm Mochi,PCS,PCS,1.0,1.0,NO_PACKAGING_LAYER,DETECTOR,LEGACY_CONVERSION_CANDIDATE,PENDING
999723,Premix Scm Chiffon,PCS,PCS,1.0,1.0,NO_PACKAGING_LAYER,DETECTOR,LEGACY_CONVERSION_CANDIDATE,PENDING
999724,Premix Scm Bakpia,PCS,PCS,1.0,1.0,NO_PACKAGING_LAYER,DETECTOR,LEGACY_CONVERSION_CANDIDATE,PENDING
999725,Premix Scm Red Velvet Hole,PCS,PCS,1.0,1.0,NO_PACKAGING_LAYER,DETECTOR,LEGACY_CONVERSION_CANDIDATE,PENDING
999726,Premix Scm Roti Gandum,PCS,PCS,1.0,1.0,NO_PACKAGING_LAYER,DETECTOR,LEGACY_CONVERSION_CANDIDATE,PENDING
999727,Premix Scm Roti French Bread,PCS,PCS,1.0,1.0,NO_PACKAGING_LAYER,DETECTOR,LEGACY_CONVERSION_CANDIDATE,PENDING
999728,Premix Scm Cake Flower,PCS,PCS,1.0,1.0,NO_PACKAGING_LAYER,DETECTOR,LEGACY_CONVERSION_CANDIDATE,PENDING
999729,Premix Scm American Brownies,PCS,PCS,1.0,1.0,NO_PACKAGING_LAYER,DETECTOR,LEGACY_CONVERSION_CANDIDATE,PENDING
999730,Premix Scm Topping Mexico,PCS,PCS,1.0,1.0,NO_PACKAGING_LAYER,DETECTOR,LEGACY_CONVERSION_CANDIDATE,PENDING
999731,Premix Scm Butter Sugar,PCS,PCS,1.0,1.0,NO_PACKAGING_LAYER,DETECTOR,LEGACY_CONVERSION_CANDIDATE,PENDING
999732,Premix Scm Tiramisu,PCS,PCS,1.0,1.0,NO_PACKAGING_LAYER,DETECTOR,LEGACY_CONVERSION_CANDIDATE,PENDING
999733,Premix Scm Blackforest,PCS,PCS,1.0,1.0,NO_PACKAGING_LAYER,DETECTOR,LEGACY_CONVERSION_CANDIDATE,PENDING
999734,Premix Scm Vla Sus,PCS,PCS,1.0,1.0,NO_PACKAGING_LAYER,DETECTOR,LEGACY_CONVERSION_CANDIDATE,PENDING
999735,Premix Scm Isi Mochi B Susu Bubuk,PCS,PCS,1.0,1.0,NO_PACKAGING_LAYER,DETECTOR,LEGACY_CONVERSION_CANDIDATE,PENDING
999736,Premix Scm Isi Mochi A Susu Bubuk,PCS,PCS,1.0,1.0,NO_PACKAGING_LAYER,DETECTOR,LEGACY_CONVERSION_CANDIDATE,PENDING
999737,Premix Scm Isi Mochi A Maizena,PCS,PCS,1.0,1.0,NO_PACKAGING_LAYER,DETECTOR,LEGACY_CONVERSION_CANDIDATE,PENDING
999738,Premix Scm Isi Mochi A Gula Halus,PCS,PCS,1.0,1.0,NO_PACKAGING_LAYER,DETECTOR,LEGACY_CONVERSION_CANDIDATE,PENDING
999739,Premix Scm Bolu Ketan,PCS,PCS,1.0,1.0,NO_PACKAGING_LAYER,DETECTOR,LEGACY_CONVERSION_CANDIDATE,PENDING
999740,Premix Scm Bolu Tape,PCS,PCS,1.0,1.0,NO_PACKAGING_LAYER,DETECTOR,LEGACY_CONVERSION_CANDIDATE,PENDING
999741,Premix Scm Bolu Gulung Ekonomis,PCS,PCS,1.0,1.0,NO_PACKAGING_LAYER,DETECTOR,LEGACY_CONVERSION_CANDIDATE,PENDING
999742,Premix chiffon sensasi,PCS,PCS,1.0,1.0,NO_PACKAGING_LAYER,DETECTOR,LEGACY_CONVERSION_CANDIDATE,PENDING
999743,Premix cromboloni,PCS,PCS,1.0,1.0,NO_PACKAGING_LAYER,DETECTOR,LEGACY_CONVERSION_CANDIDATE,PENDING
999744,Premix chiffon sensasi coklat,PCS,PCS,1.0,1.0,NO_PACKAGING_LAYER,DETECTOR,LEGACY_CONVERSION_CANDIDATE,PENDING
999745,PREMIX SCM ROTI TAWAR EKONOMIS,PCS,PCS,1.0,1.0,NO_PACKAGING_LAYER,DETECTOR,LEGACY_CONVERSION_CANDIDATE,PENDING
999746,PREMIX BOLU PISANG SETENGAH,PCS,PCS,1.0,1.0,NO_PACKAGING_LAYER,DETECTOR,LEGACY_CONVERSION_CANDIDATE,PENDING
999747,PREMIX BROWNIES  SETENGAH,PCS,PCS,1.0,1.0,NO_PACKAGING_LAYER,DETECTOR,LEGACY_CONVERSION_CANDIDATE,PENDING
999748,PREMIX LAPIS TALAS SETENGAH,PCS,PCS,1.0,1.0,NO_PACKAGING_LAYER,DETECTOR,LEGACY_CONVERSION_CANDIDATE,PENDING
999749,PREMIX TART SETENGAH,PCS,PCS,1.0,1.0,NO_PACKAGING_LAYER,DETECTOR,LEGACY_CONVERSION_CANDIDATE,PENDING
999750,PREMIX SCM DANISH COKLAT BELEPOTAN,PCS,PCS,1.0,1.0,NO_PACKAGING_LAYER,DETECTOR,LEGACY_CONVERSION_CANDIDATE,PENDING
999751,PREMIX GULA DANISH COKLAT BELEPOTAN,PCS,PCS,1.0,1.0,NO_PACKAGING_LAYER,DETECTOR,LEGACY_CONVERSION_CANDIDATE,PENDING
999753,PREMIX COOKIES LIDAH KUCING,PCS,PCS,1.0,1.0,NO_PACKAGING_LAYER,DETECTOR,LEGACY_CONVERSION_CANDIDATE,PENDING
999754,PREMIX COOKIES NASTAR SULTAN,PCS,PCS,1.0,1.0,NO_PACKAGING_LAYER,DETECTOR,LEGACY_CONVERSION_CANDIDATE,PENDING
999755,PREMIX COOKIES KASTANGLES,PCS,PCS,1.0,1.0,NO_PACKAGING_LAYER,DETECTOR,LEGACY_CONVERSION_CANDIDATE,PENDING
999756,PREMIX COOKIES PUTRI SALJU,PCS,PCS,1.0,1.0,NO_PACKAGING_LAYER,DETECTOR,LEGACY_CONVERSION_CANDIDATE,PENDING
999757,PREMIX DUBAI CHEWY COOKIE,PCS,PCS,1.0,1.0,NO_PACKAGING_LAYER,DETECTOR,LEGACY_CONVERSION_CANDIDATE,PENDING
999801,Premix Brownies Bakar,KG,KG,5.0,5.0,SCM_LARGE_UNIT_TO_TRANSIT_BASE_UNIT_CANDIDATE,DETECTOR,LEGACY_CONVERSION_CANDIDATE,PENDING
999802,Premix Durian Mra @10Kg,KG,KG,10.0,10.0,SCM_LARGE_UNIT_TO_TRANSIT_BASE_UNIT_CANDIDATE,DETECTOR,"NAME_DERIVED_CANDIDATE,LEGACY_CONVERSION_CANDIDATE",PENDING
